"","Date","Name","Cumulative_Total","Active_Cases","Cumulative_Student_Cases","Cumulative_Faculty_Staff_Cases","Type"
"190",2021-09-06,"ACADEMICS PLUS PUBLIC CHARTER SCHOOLS",38,6,27,0,"PUBLIC SCHOOL DISTRICT"
"169",2021-09-02,"ACADEMICS PLUS PUBLIC CHARTER SCHOOLS",37,7,25,0,"PUBLIC SCHOOL DISTRICT"
"404",2021-08-30,"ACADEMICS PLUS PUBLIC CHARTER SCHOOLS",36,6,25,0,"PUBLIC SCHOOL DISTRICT"
"620",2021-08-26,"ACADEMICS PLUS PUBLIC CHARTER SCHOOLS",33,6,22,0,"PUBLIC SCHOOL DISTRICT"
"779",2021-08-23,"ACADEMICS PLUS PUBLIC CHARTER SCHOOLS",30,6,19,0,"PUBLIC SCHOOL DISTRICT"
"878",2021-08-19,"ACADEMICS PLUS PUBLIC CHARTER SCHOOLS",28,12,18,0,"PUBLIC SCHOOL DISTRICT"
"991",2021-08-16,"ACADEMICS PLUS PUBLIC CHARTER SCHOOLS",27,21,16,0,"PUBLIC SCHOOL DISTRICT"
"44",2021-09-06,"ALMA SCHOOL DIST",56,32,NA,NA,"PUBLIC SCHOOL DISTRICT"
"4710",2021-09-02,"ALMA SCHOOL DIST",46,29,33,0,"PUBLIC SCHOOL DISTRICT"
"291",2021-08-30,"ALMA SCHOOL DIST",32,23,22,0,"PUBLIC SCHOOL DISTRICT"
"500",2021-08-26,"ALMA SCHOOL DIST",30,24,21,0,"PUBLIC SCHOOL DISTRICT"
"731",2021-08-23,"ALMA SCHOOL DIST",12,11,8,0,"PUBLIC SCHOOL DISTRICT"
"896",2021-08-19,"ALMA SCHOOL DIST",10,9,6,0,"PUBLIC SCHOOL DISTRICT"
"100",2021-09-06,"ARKADELPHIA SCHOOL DIST",25,16,23,0,"PUBLIC SCHOOL DISTRICT"
"1171",2021-09-02,"ARKADELPHIA SCHOOL DIST",22,13,20,0,"PUBLIC SCHOOL DISTRICT"
"391",2021-08-30,"ARKADELPHIA SCHOOL DIST",13,7,12,0,"PUBLIC SCHOOL DISTRICT"
"636",2021-08-26,"ARKADELPHIA SCHOOL DIST",9,5,8,0,"PUBLIC SCHOOL DISTRICT"
"149",2021-09-06,"ARKANSAS ARTS ACADEMY",23,10,NA,NA,"PUBLIC SCHOOL DISTRICT"
"1611",2021-09-02,"ARKANSAS ARTS ACADEMY",20,8,NA,NA,"PUBLIC SCHOOL DISTRICT"
"417",2021-08-30,"ARKANSAS ARTS ACADEMY",15,5,NA,NA,"PUBLIC SCHOOL DISTRICT"
"604",2021-08-26,"ARKANSAS ARTS ACADEMY",15,7,NA,NA,"PUBLIC SCHOOL DISTRICT"
"792",2021-08-23,"ARKANSAS ARTS ACADEMY",11,5,NA,NA,"PUBLIC SCHOOL DISTRICT"
"793",2021-08-23,"ARKANSAS CONNECTIONS ACADEMY",7,5,7,0,"PUBLIC SCHOOL DISTRICT"
"250",2021-09-06,"ARKANSAS NORTHEASTERN COLLEGE, BLYTHEVILLE",10,6,NA,NA,"COLLEGE/UNIVERSITY"
"238",2021-09-06,"ARKANSAS STATE UNIVERSITY, JONESBORO",32,11,27,5,"COLLEGE/UNIVERSITY"
"2221",2021-09-02,"ARKANSAS STATE UNIVERSITY, JONESBORO",28,10,23,5,"COLLEGE/UNIVERSITY"
"451",2021-08-30,"ARKANSAS STATE UNIVERSITY, JONESBORO",26,10,21,5,"COLLEGE/UNIVERSITY"
"671",2021-08-26,"ARKANSAS STATE UNIVERSITY, JONESBORO",20,5,15,5,"COLLEGE/UNIVERSITY"
"1068",2021-08-16,"ARKANSAS STATE UNIVERSITY, JONESBORO",11,5,NA,NA,"COLLEGE/UNIVERSITY"
"233",2021-09-06,"ARKANSAS TECH UNIVERSITY, RUSSELLVILLE",57,21,35,5,"COLLEGE/UNIVERSITY"
"2181",2021-09-02,"ARKANSAS TECH UNIVERSITY, RUSSELLVILLE",48,13,28,5,"COLLEGE/UNIVERSITY"
"450",2021-08-30,"ARKANSAS TECH UNIVERSITY, RUSSELLVILLE",39,11,NA,NA,"COLLEGE/UNIVERSITY"
"658",2021-08-26,"ARKANSAS TECH UNIVERSITY, RUSSELLVILLE",35,16,NA,NA,"COLLEGE/UNIVERSITY"
"824",2021-08-23,"ARKANSAS TECH UNIVERSITY, RUSSELLVILLE",34,17,NA,NA,"PUBLIC SCHOOL DISTRICT"
"961",2021-08-19,"ARKANSAS TECH UNIVERSITY, RUSSELLVILLE",25,12,NA,NA,"COLLEGE/UNIVERSITY"
"1062",2021-08-16,"ARKANSAS TECH UNIVERSITY, RUSSELLVILLE",16,8,NA,NA,"COLLEGE/UNIVERSITY"
"418",2021-08-30,"ARMOREL SCHOOL DIST",10,5,9,0,"PUBLIC SCHOOL DISTRICT"
"621",2021-08-26,"ARMOREL SCHOOL DIST",8,6,8,0,"PUBLIC SCHOOL DISTRICT"
"45",2021-09-06,"ASHDOWN SCHOOL DIST",71,32,43,5,"PUBLIC SCHOOL DISTRICT"
"3210",2021-09-02,"ASHDOWN SCHOOL DIST",67,35,37,5,"PUBLIC SCHOOL DISTRICT"
"303",2021-08-30,"ASHDOWN SCHOOL DIST",41,19,25,5,"PUBLIC SCHOOL DISTRICT"
"516",2021-08-26,"ASHDOWN SCHOOL DIST",37,19,NA,NA,"PUBLIC SCHOOL DISTRICT"
"732",2021-08-23,"ASHDOWN SCHOOL DIST",23,11,NA,NA,"PUBLIC SCHOOL DISTRICT"
"891",2021-08-19,"ASHDOWN SCHOOL DIST",20,10,NA,NA,"PUBLIC SCHOOL DISTRICT"
"1007",2021-08-16,"ASHDOWN SCHOOL DIST",15,11,NA,NA,"PUBLIC SCHOOL DISTRICT"
"253",2021-09-06,"ASU - MOUNTAIN HOME",7,5,NA,NA,"COLLEGE/UNIVERSITY"
"254",2021-09-06,"ASU - NEWPORT",10,5,NA,NA,"COLLEGE/UNIVERSITY"
"2321",2021-09-02,"ASU - NEWPORT",8,5,NA,NA,"COLLEGE/UNIVERSITY"
"242",2021-09-06,"ASU - NEWPORT, JONESBORO",21,8,NA,NA,"COLLEGE/UNIVERSITY"
"457",2021-08-30,"ASU - NEWPORT, JONESBORO",13,6,NA,NA,"COLLEGE/UNIVERSITY"
"666",2021-08-26,"ASU - NEWPORT, JONESBORO",12,7,NA,NA,"COLLEGE/UNIVERSITY"
"672",2021-08-26,"ASU MID-SOUTH, WEST MEMPHIS",7,5,NA,NA,"COLLEGE/UNIVERSITY"
"251",2021-09-06,"ASU THREE RIVERS, MALVERN",14,6,NA,NA,"COLLEGE/UNIVERSITY"
"2261",2021-09-02,"ASU THREE RIVERS, MALVERN",12,8,NA,NA,"COLLEGE/UNIVERSITY"
"452",2021-08-30,"ASU THREE RIVERS, MALVERN",12,9,NA,NA,"COLLEGE/UNIVERSITY"
"664",2021-08-26,"ASU THREE RIVERS, MALVERN",10,8,NA,NA,"COLLEGE/UNIVERSITY"
"91",2021-09-06,"ATKINS SCHOOL DIST",40,18,26,7,"PUBLIC SCHOOL DISTRICT"
"7310",2021-09-02,"ATKINS SCHOOL DIST",35,21,23,6,"PUBLIC SCHOOL DISTRICT"
"328",2021-08-30,"ATKINS SCHOOL DIST",26,15,17,6,"PUBLIC SCHOOL DISTRICT"
"581",2021-08-26,"ATKINS SCHOOL DIST",17,9,NA,NA,"PUBLIC SCHOOL DISTRICT"
"780",2021-08-23,"ATKINS SCHOOL DIST",11,6,NA,NA,"PUBLIC SCHOOL DISTRICT"
"918",2021-08-19,"ATKINS SCHOOL DIST",7,6,NA,NA,"PUBLIC SCHOOL DISTRICT"
"1031",2021-08-16,"ATKINS SCHOOL DIST",7,7,NA,NA,"PUBLIC SCHOOL DISTRICT"
"130",2021-09-06,"AUGUSTA SCHOOL DIST",22,12,NA,NA,"PUBLIC SCHOOL DISTRICT"
"1181",2021-09-02,"AUGUSTA SCHOOL DIST",19,13,NA,NA,"PUBLIC SCHOOL DISTRICT"
"383",2021-08-30,"AUGUSTA SCHOOL DIST",11,8,NA,NA,"PUBLIC SCHOOL DISTRICT"
"605",2021-08-26,"AUGUSTA SCHOOL DIST",11,7,NA,NA,"PUBLIC SCHOOL DISTRICT"
"202",2021-09-06,"BALD KNOB SCHOOL DIST",25,5,22,0,"PUBLIC SCHOOL DISTRICT"
"1261",2021-09-02,"BALD KNOB SCHOOL DIST",24,11,21,0,"PUBLIC SCHOOL DISTRICT"
"309",2021-08-30,"BALD KNOB SCHOOL DIST",24,18,21,0,"PUBLIC SCHOOL DISTRICT"
"555",2021-08-26,"BALD KNOB SCHOOL DIST",17,11,15,0,"PUBLIC SCHOOL DISTRICT"
"28",2021-09-06,"BARTON",60,40,46,5,"PUBLIC SCHOOL DISTRICT"
"2810",2021-09-02,"BARTON",49,37,NA,NA,"PUBLIC SCHOOL DISTRICT"
"322",2021-08-30,"BARTON",25,16,NA,NA,"PUBLIC SCHOOL DISTRICT"
"582",2021-08-26,"BARTON",16,9,NA,NA,"PUBLIC SCHOOL DISTRICT"
"87",2021-09-06,"BATESVILLE SCHOOL DIST",72,19,57,10,"PUBLIC SCHOOL DISTRICT"
"4010",2021-09-02,"BATESVILLE SCHOOL DIST",69,33,54,9,"PUBLIC SCHOOL DISTRICT"
"2711",2021-08-30,"BATESVILLE SCHOOL DIST",59,32,47,8,"PUBLIC SCHOOL DISTRICT"
"490",2021-08-26,"BATESVILLE SCHOOL DIST",54,31,44,7,"PUBLIC SCHOOL DISTRICT"
"710",2021-08-23,"BATESVILLE SCHOOL DIST",29,16,22,5,"PUBLIC SCHOOL DISTRICT"
"879",2021-08-19,"BATESVILLE SCHOOL DIST",22,12,NA,NA,"PUBLIC SCHOOL DISTRICT"
"1032",2021-08-16,"BATESVILLE SCHOOL DIST",14,7,NA,NA,"PUBLIC SCHOOL DISTRICT"
"151",2021-09-06,"BAUXITE SCHOOL DIST",24,10,NA,NA,"PUBLIC SCHOOL DISTRICT"
"1271",2021-09-02,"BAUXITE SCHOOL DIST",21,11,NA,NA,"PUBLIC SCHOOL DISTRICT"
"369",2021-08-30,"BAUXITE SCHOOL DIST",18,9,NA,NA,"PUBLIC SCHOOL DISTRICT"
"919",2021-08-19,"BAUXITE SCHOOL DIST",9,6,NA,NA,"PUBLIC SCHOOL DISTRICT"
"1033",2021-08-16,"BAUXITE SCHOOL DIST",10,7,NA,NA,"PUBLIC SCHOOL DISTRICT"
"123",2021-09-06,"BAY SCHOOL DIST",19,13,NA,NA,"PUBLIC SCHOOL DISTRICT"
"1281",2021-09-02,"BAY SCHOOL DIST",16,11,NA,NA,"PUBLIC SCHOOL DISTRICT"
"405",2021-08-30,"BAY SCHOOL DIST",7,6,NA,NA,"PUBLIC SCHOOL DISTRICT"
"637",2021-08-26,"BAY SCHOOL DIST",6,5,NA,NA,"PUBLIC SCHOOL DISTRICT"
"203",2021-09-06,"BEARDEN SCHOOL DIST",7,5,6,0,"PUBLIC SCHOOL DISTRICT"
"68",2021-09-06,"BEEBE SCHOOL DIST",47,23,NA,NA,"PUBLIC SCHOOL DISTRICT"
"74",2021-09-02,"BEEBE SCHOOL DIST",42,21,NA,NA,"PUBLIC SCHOOL DISTRICT"
"310",2021-08-30,"BEEBE SCHOOL DIST",35,18,NA,NA,"PUBLIC SCHOOL DISTRICT"
"531",2021-08-26,"BEEBE SCHOOL DIST",28,15,NA,NA,"PUBLIC SCHOOL DISTRICT"
"733",2021-08-23,"BEEBE SCHOOL DIST",18,11,NA,NA,"PUBLIC SCHOOL DISTRICT"
"920",2021-08-19,"BEEBE SCHOOL DIST",12,6,NA,NA,"PUBLIC SCHOOL DISTRICT"
"18",2021-09-06,"BENTON SCHOOL DIST",115,51,79,12,"PUBLIC SCHOOL DISTRICT"
"3310",2021-09-02,"BENTON SCHOOL DIST",87,35,61,7,"PUBLIC SCHOOL DISTRICT"
"278",2021-08-30,"BENTON SCHOOL DIST",70,27,49,7,"PUBLIC SCHOOL DISTRICT"
"524",2021-08-26,"BENTON SCHOOL DIST",52,17,32,5,"PUBLIC SCHOOL DISTRICT"
"706",2021-08-23,"BENTON SCHOOL DIST",44,18,NA,NA,"PUBLIC SCHOOL DISTRICT"
"870",2021-08-19,"BENTON SCHOOL DIST",31,14,NA,NA,"PUBLIC SCHOOL DISTRICT"
"997",2021-08-16,"BENTON SCHOOL DIST",25,15,NA,NA,"PUBLIC SCHOOL DISTRICT"
"8",2021-09-06,"BENTONVILLE SCHOOL DIST",330,87,239,39,"PUBLIC SCHOOL DISTRICT"
"6100",2021-09-02,"BENTONVILLE SCHOOL DIST",316,104,222,36,"PUBLIC SCHOOL DISTRICT"
"2501",2021-08-30,"BENTONVILLE SCHOOL DIST",262,104,183,31,"PUBLIC SCHOOL DISTRICT"
"473",2021-08-26,"BENTONVILLE SCHOOL DIST",248,125,170,29,"PUBLIC SCHOOL DISTRICT"
"686",2021-08-23,"BENTONVILLE SCHOOL DIST",162,88,113,24,"PUBLIC SCHOOL DISTRICT"
"843",2021-08-19,"BENTONVILLE SCHOOL DIST",126,84,86,16,"PUBLIC SCHOOL DISTRICT"
"980",2021-08-16,"BENTONVILLE SCHOOL DIST",75,52,50,11,"PUBLIC SCHOOL DISTRICT"
"152",2021-09-06,"BERGMAN SCHOOL DIST",34,10,25,5,"PUBLIC SCHOOL DISTRICT"
"1541",2021-09-02,"BERGMAN SCHOOL DIST",31,9,22,5,"PUBLIC SCHOOL DISTRICT"
"370",2021-08-30,"BERGMAN SCHOOL DIST",26,9,NA,NA,"PUBLIC SCHOOL DISTRICT"
"606",2021-08-26,"BERGMAN SCHOOL DIST",20,7,NA,NA,"PUBLIC SCHOOL DISTRICT"
"768",2021-08-23,"BERGMAN SCHOOL DIST",14,7,NA,NA,"PUBLIC SCHOOL DISTRICT"
"92",2021-09-06,"BERRYVILLE SCHOOL DIST",56,18,36,11,"PUBLIC SCHOOL DISTRICT"
"6910",2021-09-02,"BERRYVILLE SCHOOL DIST",54,22,34,10,"PUBLIC SCHOOL DISTRICT"
"329",2021-08-30,"BERRYVILLE SCHOOL DIST",44,15,28,10,"PUBLIC SCHOOL DISTRICT"
"532",2021-08-26,"BERRYVILLE SCHOOL DIST",38,15,22,10,"PUBLIC SCHOOL DISTRICT"
"711",2021-08-23,"BERRYVILLE SCHOOL DIST",27,16,12,10,"PUBLIC SCHOOL DISTRICT"
"874",2021-08-19,"BERRYVILLE SCHOOL DIST",15,13,NA,NA,"PUBLIC SCHOOL DISTRICT"
"1034",2021-08-16,"BERRYVILLE SCHOOL DIST",8,7,NA,NA,"PUBLIC SCHOOL DISTRICT"
"118",2021-09-06,"BISMARCK SCHOOL DIST",25,14,NA,NA,"PUBLIC SCHOOL DISTRICT"
"96",2021-09-06,"BLYTHEVILLE SCHOOL DIST",41,17,32,6,"PUBLIC SCHOOL DISTRICT"
"9110",2021-09-02,"BLYTHEVILLE SCHOOL DIST",37,17,29,5,"PUBLIC SCHOOL DISTRICT"
"337",2021-08-30,"BLYTHEVILLE SCHOOL DIST",24,13,NA,NA,"PUBLIC SCHOOL DISTRICT"
"533",2021-08-26,"BLYTHEVILLE SCHOOL DIST",21,15,NA,NA,"PUBLIC SCHOOL DISTRICT"
"757",2021-08-23,"BLYTHEVILLE SCHOOL DIST",11,8,NA,NA,"PUBLIC SCHOOL DISTRICT"
"69",2021-09-06,"BOONEVILLE SCHOOL DIST",58,23,43,7,"PUBLIC SCHOOL DISTRICT"
"6110",2021-09-02,"BOONEVILLE SCHOOL DIST",50,25,36,7,"PUBLIC SCHOOL DISTRICT"
"280",2021-08-30,"BOONEVILLE SCHOOL DIST",40,26,29,5,"PUBLIC SCHOOL DISTRICT"
"517",2021-08-26,"BOONEVILLE SCHOOL DIST",34,19,NA,NA,"PUBLIC SCHOOL DISTRICT"
"748",2021-08-23,"BOONEVILLE SCHOOL DIST",18,9,NA,NA,"PUBLIC SCHOOL DISTRICT"
"204",2021-09-06,"BRADFORD SCHOOL DIST",11,5,NA,NA,"PUBLIC SCHOOL DISTRICT"
"14",2021-09-06,"BROOKLAND SCHOOL DIST",113,62,NA,NA,"PUBLIC SCHOOL DISTRICT"
"1077",2021-09-02,"BROOKLAND SCHOOL DIST",103,69,NA,NA,"PUBLIC SCHOOL DISTRICT"
"259",2021-08-30,"BROOKLAND SCHOOL DIST",71,47,NA,NA,"PUBLIC SCHOOL DISTRICT"
"491",2021-08-26,"BROOKLAND SCHOOL DIST",48,31,NA,NA,"PUBLIC SCHOOL DISTRICT"
"734",2021-08-23,"BROOKLAND SCHOOL DIST",25,11,NA,NA,"PUBLIC SCHOOL DISTRICT"
"880",2021-08-19,"BROOKLAND SCHOOL DIST",22,12,NA,NA,"PUBLIC SCHOOL DISTRICT"
"1022",2021-08-16,"BROOKLAND SCHOOL DIST",16,8,NA,NA,"PUBLIC SCHOOL DISTRICT"
"9",2021-09-06,"BRYANT SCHOOL DIST",193,82,130,21,"PUBLIC SCHOOL DISTRICT"
"1110",2021-09-02,"BRYANT SCHOOL DIST",148,69,99,15,"PUBLIC SCHOOL DISTRICT"
"2571",2021-08-30,"BRYANT SCHOOL DIST",113,50,78,13,"PUBLIC SCHOOL DISTRICT"
"484",2021-08-26,"BRYANT SCHOOL DIST",96,41,62,11,"PUBLIC SCHOOL DISTRICT"
"701",2021-08-23,"BRYANT SCHOOL DIST",62,24,39,9,"PUBLIC SCHOOL DISTRICT"
"859",2021-08-19,"BRYANT SCHOOL DIST",49,21,29,8,"PUBLIC SCHOOL DISTRICT"
"992",2021-08-16,"BRYANT SCHOOL DIST",36,21,23,6,"PUBLIC SCHOOL DISTRICT"
"191",2021-09-06,"BUFFALO IS. CENTRAL SCH. DIST",19,6,NA,NA,"PUBLIC SCHOOL DISTRICT"
"1701",2021-09-02,"BUFFALO IS. CENTRAL SCH. DIST",18,7,NA,NA,"PUBLIC SCHOOL DISTRICT"
"392",2021-08-30,"BUFFALO IS. CENTRAL SCH. DIST",15,7,NA,NA,"PUBLIC SCHOOL DISTRICT"
"593",2021-08-26,"BUFFALO IS. CENTRAL SCH. DIST",14,8,NA,NA,"PUBLIC SCHOOL DISTRICT"
"794",2021-08-23,"BUFFALO IS. CENTRAL SCH. DIST",10,5,NA,NA,"PUBLIC SCHOOL DISTRICT"
"2",2021-09-06,"CABOT SCHOOL DIST",362,173,246,22,"PUBLIC SCHOOL DISTRICT"
"2100",2021-09-02,"CABOT SCHOOL DIST",311,173,203,21,"PUBLIC SCHOOL DISTRICT"
"2461",2021-08-30,"CABOT SCHOOL DIST",247,140,163,17,"PUBLIC SCHOOL DISTRICT"
"476",2021-08-26,"CABOT SCHOOL DIST",191,107,119,13,"PUBLIC SCHOOL DISTRICT"
"689",2021-08-23,"CABOT SCHOOL DIST",116,59,75,12,"PUBLIC SCHOOL DISTRICT"
"846",2021-08-19,"CABOT SCHOOL DIST",92,56,54,10,"PUBLIC SCHOOL DISTRICT"
"982",2021-08-16,"CABOT SCHOOL DIST",58,41,28,9,"PUBLIC SCHOOL DISTRICT"
"70",2021-09-06,"CADDO HILLS SCHOOL DIST",50,23,39,7,"PUBLIC SCHOOL DISTRICT"
"4810",2021-09-02,"CADDO HILLS SCHOOL DIST",48,29,37,7,"PUBLIC SCHOOL DISTRICT"
"284",2021-08-30,"CADDO HILLS SCHOOL DIST",35,25,28,6,"PUBLIC SCHOOL DISTRICT"
"513",2021-08-26,"CADDO HILLS SCHOOL DIST",31,20,25,6,"PUBLIC SCHOOL DISTRICT"
"795",2021-08-23,"CADDO HILLS SCHOOL DIST",10,5,NA,NA,"PUBLIC SCHOOL DISTRICT"
"39",2021-09-06,"CAMDEN FAIRVIEW SCHOOL DIST",63,35,42,8,"PUBLIC SCHOOL DISTRICT"
"5110",2021-09-02,"CAMDEN FAIRVIEW SCHOOL DIST",53,28,33,8,"PUBLIC SCHOOL DISTRICT"
"371",2021-08-30,"CAMDEN FAIRVIEW SCHOOL DIST",31,9,16,6,"PUBLIC SCHOOL DISTRICT"
"583",2021-08-26,"CAMDEN FAIRVIEW SCHOOL DIST",27,9,13,6,"PUBLIC SCHOOL DISTRICT"
"749",2021-08-23,"CAMDEN FAIRVIEW SCHOOL DIST",23,9,9,6,"PUBLIC SCHOOL DISTRICT"
"871",2021-08-19,"CAMDEN FAIRVIEW SCHOOL DIST",20,14,8,5,"PUBLIC SCHOOL DISTRICT"
"1012",2021-08-16,"CAMDEN FAIRVIEW SCHOOL DIST",15,10,NA,NA,"PUBLIC SCHOOL DISTRICT"
"192",2021-09-06,"CARLISLE SCHOOL DIST",25,6,12,6,"PUBLIC SCHOOL DISTRICT"
"1711",2021-09-02,"CARLISLE SCHOOL DIST",24,7,11,5,"PUBLIC SCHOOL DISTRICT"
"372",2021-08-30,"CARLISLE SCHOOL DIST",22,9,10,5,"PUBLIC SCHOOL DISTRICT"
"584",2021-08-26,"CARLISLE SCHOOL DIST",20,9,9,5,"PUBLIC SCHOOL DISTRICT"
"781",2021-08-23,"CARLISLE SCHOOL DIST",16,6,7,5,"PUBLIC SCHOOL DISTRICT"
"132",2021-09-06,"CAVE CITY SCHOOL DIST",26,12,NA,NA,"PUBLIC SCHOOL DISTRICT"
"1111",2021-09-02,"CAVE CITY SCHOOL DIST",25,14,NA,NA,"PUBLIC SCHOOL DISTRICT"
"393",2021-08-30,"CAVE CITY SCHOOL DIST",18,7,NA,NA,"PUBLIC SCHOOL DISTRICT"
"569",2021-08-26,"CAVE CITY SCHOOL DIST",16,10,NA,NA,"PUBLIC SCHOOL DISTRICT"
"769",2021-08-23,"CAVE CITY SCHOOL DIST",11,7,NA,NA,"PUBLIC SCHOOL DISTRICT"
"932",2021-08-19,"CAVE CITY SCHOOL DIST",8,5,NA,NA,"PUBLIC SCHOOL DISTRICT"
"796",2021-08-23,"CEDAR RIDGE SCHOOL DIST",6,5,NA,NA,"PUBLIC SCHOOL DISTRICT"
"94",2021-09-06,"CEDARVILLE SCHOOL DIST",29,18,22,5,"PUBLIC SCHOOL DISTRICT"
"1551",2021-09-02,"CEDARVILLE SCHOOL DIST",19,9,NA,NA,"PUBLIC SCHOOL DISTRICT"
"406",2021-08-30,"CEDARVILLE SCHOOL DIST",12,6,NA,NA,"PUBLIC SCHOOL DISTRICT"
"622",2021-08-26,"CEDARVILLE SCHOOL DIST",11,6,NA,NA,"PUBLIC SCHOOL DISTRICT"
"52",2021-09-06,"CENTERPOINT SCHOOL DIST",38,28,NA,NA,"PUBLIC SCHOOL DISTRICT"
"7010",2021-09-02,"CENTERPOINT SCHOOL DIST",30,22,NA,NA,"PUBLIC SCHOOL DISTRICT"
"346",2021-08-30,"CENTERPOINT SCHOOL DIST",14,12,NA,NA,"PUBLIC SCHOOL DISTRICT"
"594",2021-08-26,"CENTERPOINT SCHOOL DIST",12,8,NA,NA,"PUBLIC SCHOOL DISTRICT"
"2331",2021-09-02,"CENTRAL BAPTIST COLLEGE, CONWAY",8,5,5,0,"COLLEGE/UNIVERSITY"
"454",2021-08-30,"CENTRAL BAPTIST COLLEGE, CONWAY",8,7,5,0,"COLLEGE/UNIVERSITY"
"133",2021-09-06,"CHARLESTON SCHOOL DIST",22,12,NA,NA,"PUBLIC SCHOOL DISTRICT"
"10310",2021-09-02,"CHARLESTON SCHOOL DIST",22,15,NA,NA,"PUBLIC SCHOOL DISTRICT"
"349",2021-08-30,"CHARLESTON SCHOOL DIST",15,11,NA,NA,"PUBLIC SCHOOL DISTRICT"
"607",2021-08-26,"CHARLESTON SCHOOL DIST",10,7,NA,NA,"PUBLIC SCHOOL DISTRICT"
"797",2021-08-23,"CLARENDON SCHOOL DIST",7,5,NA,NA,"PUBLIC SCHOOL DISTRICT"
"22",2021-09-06,"CLARKSVILLE SCHOOL DIST",88,48,64,11,"PUBLIC SCHOOL DISTRICT"
"3010",2021-09-02,"CLARKSVILLE SCHOOL DIST",68,36,50,8,"PUBLIC SCHOOL DISTRICT"
"281",2021-08-30,"CLARKSVILLE SCHOOL DIST",49,26,34,6,"PUBLIC SCHOOL DISTRICT"
"503",2021-08-26,"CLARKSVILLE SCHOOL DIST",42,23,29,6,"PUBLIC SCHOOL DISTRICT"
"708",2021-08-23,"CLARKSVILLE SCHOOL DIST",28,17,NA,NA,"PUBLIC SCHOOL DISTRICT"
"888",2021-08-19,"CLARKSVILLE SCHOOL DIST",16,11,NA,NA,"PUBLIC SCHOOL DISTRICT"
"1017",2021-08-16,"CLARKSVILLE SCHOOL DIST",13,9,NA,NA,"PUBLIC SCHOOL DISTRICT"
"1871",2021-09-02,"CLEVELAND COUNTY SCHOOL DIST",9,5,NA,NA,"PUBLIC SCHOOL DISTRICT"
"419",2021-08-30,"CLEVELAND COUNTY SCHOOL DIST",7,5,NA,NA,"PUBLIC SCHOOL DISTRICT"
"623",2021-08-26,"CLEVELAND COUNTY SCHOOL DIST",7,6,NA,NA,"PUBLIC SCHOOL DISTRICT"
"205",2021-09-06,"CLINTON SCHOOL DIST",18,5,NA,NA,"PUBLIC SCHOOL DISTRICT"
"188",2021-09-02,"CLINTON SCHOOL DIST",16,5,NA,NA,"PUBLIC SCHOOL DISTRICT"
"420",2021-08-30,"CLINTON SCHOOL DIST",15,5,NA,NA,"PUBLIC SCHOOL DISTRICT"
"933",2021-08-19,"CLINTON SCHOOL DIST",11,5,NA,NA,"PUBLIC SCHOOL DISTRICT"
"1023",2021-08-16,"CLINTON SCHOOL DIST",9,8,NA,NA,"PUBLIC SCHOOL DISTRICT"
"7",2021-09-06,"CONWAY SCHOOL DIST",200,88,141,15,"PUBLIC SCHOOL DISTRICT"
"8100",2021-09-02,"CONWAY SCHOOL DIST",170,83,109,14,"PUBLIC SCHOOL DISTRICT"
"2531",2021-08-30,"CONWAY SCHOOL DIST",139,71,97,12,"PUBLIC SCHOOL DISTRICT"
"480",2021-08-26,"CONWAY SCHOOL DIST",103,56,76,11,"PUBLIC SCHOOL DISTRICT"
"694",2021-08-23,"CONWAY SCHOOL DIST",72,35,55,8,"PUBLIC SCHOOL DISTRICT"
"855",2021-08-19,"CONWAY SCHOOL DIST",50,26,38,8,"PUBLIC SCHOOL DISTRICT"
"989",2021-08-16,"CONWAY SCHOOL DIST",38,22,29,7,"PUBLIC SCHOOL DISTRICT"
"84",2021-09-06,"CORNING SCHOOL DIST",32,20,NA,NA,"PUBLIC SCHOOL DISTRICT"
"8310",2021-09-02,"CORNING SCHOOL DIST",27,18,NA,NA,"PUBLIC SCHOOL DISTRICT"
"350",2021-08-30,"CORNING SCHOOL DIST",19,11,NA,NA,"PUBLIC SCHOOL DISTRICT"
"171",2021-09-06,"COSSATOT RIVER SCHOOL DIST",31,8,18,8,"PUBLIC SCHOOL DISTRICT"
"1291",2021-09-02,"COSSATOT RIVER SCHOOL DIST",29,11,16,7,"PUBLIC SCHOOL DISTRICT"
"338",2021-08-30,"COSSATOT RIVER SCHOOL DIST",27,13,16,7,"PUBLIC SCHOOL DISTRICT"
"538",2021-08-26,"COSSATOT RIVER SCHOOL DIST",24,14,15,6,"PUBLIC SCHOOL DISTRICT"
"740",2021-08-23,"COSSATOT RIVER SCHOOL DIST",16,10,9,5,"PUBLIC SCHOOL DISTRICT"
"892",2021-08-19,"COSSATOT RIVER SCHOOL DIST",12,10,5,5,"PUBLIC SCHOOL DISTRICT"
"1038",2021-08-16,"COSSATOT RIVER SCHOOL DIST",7,6,NA,NA,"PUBLIC SCHOOL DISTRICT"
"161",2021-09-06,"COTTER SCHOOL DIST",22,9,18,0,"PUBLIC SCHOOL DISTRICT"
"1191",2021-09-02,"COTTER SCHOOL DIST",22,13,17,0,"PUBLIC SCHOOL DISTRICT"
"407",2021-08-30,"COTTER SCHOOL DIST",13,6,11,0,"PUBLIC SCHOOL DISTRICT"
"608",2021-08-26,"COTTER SCHOOL DIST",11,7,9,0,"PUBLIC SCHOOL DISTRICT"
"798",2021-08-23,"COTTER SCHOOL DIST",7,5,6,0,"PUBLIC SCHOOL DISTRICT"
"162",2021-09-06,"COUNTY LINE SCHOOL DIST",22,9,NA,NA,"PUBLIC SCHOOL DISTRICT"
"1411",2021-09-02,"COUNTY LINE SCHOOL DIST",22,10,NA,NA,"PUBLIC SCHOOL DISTRICT"
"347",2021-08-30,"COUNTY LINE SCHOOL DIST",18,12,NA,NA,"PUBLIC SCHOOL DISTRICT"
"556",2021-08-26,"COUNTY LINE SCHOOL DIST",18,11,NA,NA,"PUBLIC SCHOOL DISTRICT"
"758",2021-08-23,"COUNTY LINE SCHOOL DIST",10,8,NA,NA,"PUBLIC SCHOOL DISTRICT"
"101",2021-09-06,"CROSS COUNTY SCHOOL DIST",27,16,22,0,"PUBLIC SCHOOL DISTRICT"
"10410",2021-09-02,"CROSS COUNTY SCHOOL DIST",25,15,20,0,"PUBLIC SCHOOL DISTRICT"
"358",2021-08-30,"CROSS COUNTY SCHOOL DIST",17,10,11,0,"PUBLIC SCHOOL DISTRICT"
"585",2021-08-26,"CROSS COUNTY SCHOOL DIST",15,9,8,0,"PUBLIC SCHOOL DISTRICT"
"799",2021-08-23,"CROSS COUNTY SCHOOL DIST",7,5,6,0,"PUBLIC SCHOOL DISTRICT"
"934",2021-08-19,"CROSS COUNTY SCHOOL DIST",7,5,6,0,"PUBLIC SCHOOL DISTRICT"
"50",2021-09-06,"CROSSETT SCHOOL DIST",58,30,NA,NA,"PUBLIC SCHOOL DISTRICT"
"55",2021-09-02,"CROSSETT SCHOOL DIST",50,27,NA,NA,"PUBLIC SCHOOL DISTRICT"
"323",2021-08-30,"CROSSETT SCHOOL DIST",32,16,NA,NA,"PUBLIC SCHOOL DISTRICT"
"539",2021-08-26,"CROSSETT SCHOOL DIST",25,14,NA,NA,"PUBLIC SCHOOL DISTRICT"
"759",2021-08-23,"CROSSETT SCHOOL DIST",15,8,NA,NA,"PUBLIC SCHOOL DISTRICT"
"893",2021-08-19,"CROSSETT SCHOOL DIST",12,10,NA,NA,"PUBLIC SCHOOL DISTRICT"
"1024",2021-08-16,"CROSSETT SCHOOL DIST",10,8,NA,NA,"PUBLIC SCHOOL DISTRICT"
"2361",2021-09-02,"cSeptember 02, 2021",NA,NA,NA,NA,"COLLEGE/UNIVERSITY"
"172",2021-09-06,"CUTTER",11,8,NA,NA,"PUBLIC SCHOOL DISTRICT"
"153",2021-09-06,"DANVILLE SCHOOL DIST",22,10,NA,NA,"PUBLIC SCHOOL DISTRICT"
"1791",2021-09-02,"DANVILLE SCHOOL DIST",17,6,NA,NA,"PUBLIC SCHOOL DISTRICT"
"770",2021-08-23,"DANVILLE SCHOOL DIST",11,7,NA,NA,"PUBLIC SCHOOL DISTRICT"
"921",2021-08-19,"DANVILLE SCHOOL DIST",9,6,NA,NA,"PUBLIC SCHOOL DISTRICT"
"1044",2021-08-16,"DANVILLE SCHOOL DIST",6,5,NA,NA,"PUBLIC SCHOOL DISTRICT"
"102",2021-09-06,"DARDANELLE SCHOOL DIST",44,16,34,7,"PUBLIC SCHOOL DISTRICT"
"10510",2021-09-02,"DARDANELLE SCHOOL DIST",36,15,26,6,"PUBLIC SCHOOL DISTRICT"
"330",2021-08-30,"DARDANELLE SCHOOL DIST",30,15,22,5,"PUBLIC SCHOOL DISTRICT"
"570",2021-08-26,"DARDANELLE SCHOOL DIST",23,10,NA,NA,"PUBLIC SCHOOL DISTRICT"
"750",2021-08-23,"DARDANELLE SCHOOL DIST",17,9,NA,NA,"PUBLIC SCHOOL DISTRICT"
"922",2021-08-19,"DARDANELLE SCHOOL DIST",13,6,NA,NA,"PUBLIC SCHOOL DISTRICT"
"134",2021-09-06,"DEER/MT. JUDEA SCHOOL DIST",16,12,NA,NA,"PUBLIC SCHOOL DISTRICT"
"1301",2021-09-02,"DEER/MT. JUDEA SCHOOL DIST",14,11,NA,NA,"PUBLIC SCHOOL DISTRICT"
"43",2021-09-06,"DEQUEEN SCHOOL DIST",70,33,NA,NA,"PUBLIC SCHOOL DISTRICT"
"4110",2021-09-02,"DEQUEEN SCHOOL DIST",56,32,NA,NA,"PUBLIC SCHOOL DISTRICT"
"2721",2021-08-30,"DEQUEEN SCHOOL DIST",48,32,NA,NA,"PUBLIC SCHOOL DISTRICT"
"493",2021-08-26,"DEQUEEN SCHOOL DIST",37,29,NA,NA,"PUBLIC SCHOOL DISTRICT"
"741",2021-08-23,"DEQUEEN SCHOOL DIST",17,10,NA,NA,"PUBLIC SCHOOL DISTRICT"
"140",2021-09-06,"DEWITT SCHOOL DIST",24,11,NA,NA,"PUBLIC SCHOOL DISTRICT"
"1421",2021-09-02,"DEWITT SCHOOL DIST",21,10,NA,NA,"PUBLIC SCHOOL DISTRICT"
"359",2021-08-30,"DEWITT SCHOOL DIST",16,10,13,0,"PUBLIC SCHOOL DISTRICT"
"609",2021-08-26,"DEWITT SCHOOL DIST",11,7,9,0,"PUBLIC SCHOOL DISTRICT"
"206",2021-09-06,"DIERKS SCHOOL DIST",6,5,NA,NA,"PUBLIC SCHOOL DISTRICT"
"624",2021-08-26,"DOLLARWAY SCHOOL DIST",12,6,5,5,"PUBLIC SCHOOL DISTRICT"
"34",2021-09-06,"DOVER SCHOOL DIST",69,37,45,6,"PUBLIC SCHOOL DISTRICT"
"2510",2021-09-02,"DOVER SCHOOL DIST",55,38,34,5,"PUBLIC SCHOOL DISTRICT"
"273",2021-08-30,"DOVER SCHOOL DIST",40,32,NA,NA,"PUBLIC SCHOOL DISTRICT"
"518",2021-08-26,"DOVER SCHOOL DIST",25,19,NA,NA,"PUBLIC SCHOOL DISTRICT"
"771",2021-08-23,"DOVER SCHOOL DIST",10,7,NA,NA,"PUBLIC SCHOOL DISTRICT"
"88",2021-09-06,"DREW CENTRAL SCHOOL DIST",28,19,NA,NA,"PUBLIC SCHOOL DISTRICT"
"9210",2021-09-02,"DREW CENTRAL SCHOOL DIST",22,17,NA,NA,"PUBLIC SCHOOL DISTRICT"
"384",2021-08-30,"DREW CENTRAL SCHOOL DIST",11,8,6,0,"PUBLIC SCHOOL DISTRICT"
"154",2021-09-06,"DUMAS SCHOOL DIST",23,10,NA,NA,"PUBLIC SCHOOL DISTRICT"
"131",2021-09-02,"DUMAS SCHOOL DIST",23,11,NA,NA,"PUBLIC SCHOOL DISTRICT"
"373",2021-08-30,"DUMAS SCHOOL DIST",16,9,NA,NA,"PUBLIC SCHOOL DISTRICT"
"586",2021-08-26,"DUMAS SCHOOL DIST",15,9,NA,NA,"PUBLIC SCHOOL DISTRICT"
"800",2021-08-23,"DUMAS SCHOOL DIST",9,5,NA,NA,"PUBLIC SCHOOL DISTRICT"
"923",2021-08-19,"DUMAS SCHOOL DIST",8,6,NA,NA,"PUBLIC SCHOOL DISTRICT"
"89",2021-09-06,"EAST POINSETT CO. SCHOOL DIST",30,19,22,6,"PUBLIC SCHOOL DISTRICT"
"93",2021-09-02,"EAST POINSETT CO. SCHOOL DIST",25,17,18,5,"PUBLIC SCHOOL DISTRICT"
"351",2021-08-30,"EAST POINSETT CO. SCHOOL DIST",14,11,NA,NA,"PUBLIC SCHOOL DISTRICT"
"571",2021-08-26,"EAST POINSETT CO. SCHOOL DIST",12,10,NA,NA,"PUBLIC SCHOOL DISTRICT"
"801",2021-08-23,"EAST POINSETT CO. SCHOOL DIST",6,5,NA,NA,"PUBLIC SCHOOL DISTRICT"
"103",2021-09-06,"EL DORADO SCHOOL DIST",28,16,NA,NA,"PUBLIC SCHOOL DISTRICT"
"10610",2021-09-02,"EL DORADO SCHOOL DIST",22,15,NA,NA,"PUBLIC SCHOOL DISTRICT"
"331",2021-08-30,"EL DORADO SCHOOL DIST",19,15,NA,NA,"PUBLIC SCHOOL DISTRICT"
"587",2021-08-26,"EL DORADO SCHOOL DIST",12,9,NA,NA,"PUBLIC SCHOOL DISTRICT"
"173",2021-09-06,"ELKINS SCHOOL DIST",22,8,NA,NA,"PUBLIC SCHOOL DISTRICT"
"1321",2021-09-02,"ELKINS SCHOOL DIST",21,11,NA,NA,"PUBLIC SCHOOL DISTRICT"
"394",2021-08-30,"ELKINS SCHOOL DIST",16,7,NA,NA,"PUBLIC SCHOOL DISTRICT"
"638",2021-08-26,"ELKINS SCHOOL DIST",10,5,NA,NA,"PUBLIC SCHOOL DISTRICT"
"135",2021-09-06,"EMERSON",32,12,NA,NA,"PUBLIC SCHOOL DISTRICT"
"8410",2021-09-02,"EMERSON",30,18,NA,NA,"PUBLIC SCHOOL DISTRICT"
"292",2021-08-30,"EMERSON",26,23,NA,NA,"PUBLIC SCHOOL DISTRICT"
"507",2021-08-26,"EMERSON",24,22,NA,NA,"PUBLIC SCHOOL DISTRICT"
"772",2021-08-23,"EMERSON",7,7,NA,NA,"PUBLIC SCHOOL DISTRICT"
"208",2021-09-06,"ENGLAND SCHOOL DIST",13,5,10,0,"PUBLIC SCHOOL DISTRICT"
"1891",2021-09-02,"ENGLAND SCHOOL DIST",12,5,9,0,"PUBLIC SCHOOL DISTRICT"
"595",2021-08-26,"ENGLAND SCHOOL DIST",10,8,6,0,"PUBLIC SCHOOL DISTRICT"
"782",2021-08-23,"ENGLAND SCHOOL DIST",6,6,NA,NA,"PUBLIC SCHOOL DISTRICT"
"924",2021-08-19,"ENGLAND SCHOOL DIST",6,6,NA,NA,"PUBLIC SCHOOL DISTRICT"
"81",2021-09-06,"ESTEM PUBLIC CHARTER SCHOOL DIST",70,21,55,13,"PUBLIC SCHOOL DISTRICT"
"7810",2021-09-02,"ESTEM PUBLIC CHARTER SCHOOL DIST",62,19,48,11,"PUBLIC SCHOOL DISTRICT"
"311",2021-08-30,"ESTEM PUBLIC CHARTER SCHOOL DIST",56,18,45,9,"PUBLIC SCHOOL DISTRICT"
"508",2021-08-26,"ESTEM PUBLIC CHARTER SCHOOL DIST",52,22,40,9,"PUBLIC SCHOOL DISTRICT"
"726",2021-08-23,"ESTEM PUBLIC CHARTER SCHOOL DIST",35,12,28,5,"PUBLIC SCHOOL DISTRICT"
"872",2021-08-19,"ESTEM PUBLIC CHARTER SCHOOL DIST",32,14,NA,NA,"PUBLIC SCHOOL DISTRICT"
"1002",2021-08-16,"ESTEM PUBLIC CHARTER SCHOOL DIST",25,13,NA,NA,"PUBLIC SCHOOL DISTRICT"
"85",2021-09-06,"EUREKA SPRINGS SCHOOL DIST",29,20,NA,NA,"PUBLIC SCHOOL DISTRICT"
"8510",2021-09-02,"EUREKA SPRINGS SCHOOL DIST",24,18,NA,NA,"PUBLIC SCHOOL DISTRICT"
"374",2021-08-30,"EUREKA SPRINGS SCHOOL DIST",13,9,NA,NA,"PUBLIC SCHOOL DISTRICT"
"596",2021-08-26,"EUREKA SPRINGS SCHOOL DIST",11,8,NA,NA,"PUBLIC SCHOOL DISTRICT"
"163",2021-09-06,"EXALT ACADEMY OF SOUTHWEST LITTLE ROCK",19,9,NA,NA,"PUBLIC SCHOOL DISTRICT"
"1561",2021-09-02,"EXALT ACADEMY OF SOUTHWEST LITTLE ROCK",17,9,NA,NA,"PUBLIC SCHOOL DISTRICT"
"421",2021-08-30,"EXALT ACADEMY OF SOUTHWEST LITTLE ROCK",12,5,11,0,"PUBLIC SCHOOL DISTRICT"
"625",2021-08-26,"EXALT ACADEMY OF SOUTHWEST LITTLE ROCK",11,6,10,0,"PUBLIC SCHOOL DISTRICT"
"802",2021-08-23,"EXALT ACADEMY OF SOUTHWEST LITTLE ROCK",8,5,7,0,"PUBLIC SCHOOL DISTRICT"
"935",2021-08-19,"EXALT ACADEMY OF SOUTHWEST LITTLE ROCK",5,5,NA,NA,"PUBLIC SCHOOL DISTRICT"
"59",2021-09-06,"FARMINGTON SCHOOL DIST",73,26,NA,NA,"PUBLIC SCHOOL DISTRICT"
"5210",2021-09-02,"FARMINGTON SCHOOL DIST",64,28,NA,NA,"PUBLIC SCHOOL DISTRICT"
"293",2021-08-30,"FARMINGTON SCHOOL DIST",51,23,NA,NA,"PUBLIC SCHOOL DISTRICT"
"501",2021-08-26,"FARMINGTON SCHOOL DIST",45,24,NA,NA,"PUBLIC SCHOOL DISTRICT"
"723",2021-08-23,"FARMINGTON SCHOOL DIST",27,13,NA,NA,"PUBLIC SCHOOL DISTRICT"
"875",2021-08-19,"FARMINGTON SCHOOL DIST",20,13,NA,NA,"PUBLIC SCHOOL DISTRICT"
"1013",2021-08-16,"FARMINGTON SCHOOL DIST",11,10,NA,NA,"PUBLIC SCHOOL DISTRICT"
"30",2021-09-06,"FAYETTEVILLE SCHOOL DIST",126,39,110,15,"PUBLIC SCHOOL DISTRICT"
"2010",2021-09-02,"FAYETTEVILLE SCHOOL DIST",113,41,97,15,"PUBLIC SCHOOL DISTRICT"
"2631",2021-08-30,"FAYETTEVILLE SCHOOL DIST",96,36,83,12,"PUBLIC SCHOOL DISTRICT"
"504",2021-08-26,"FAYETTEVILLE SCHOOL DIST",79,23,66,12,"PUBLIC SCHOOL DISTRICT"
"702",2021-08-23,"FAYETTEVILLE SCHOOL DIST",64,24,53,10,"PUBLIC SCHOOL DISTRICT"
"853",2021-08-19,"FAYETTEVILLE SCHOOL DIST",51,28,42,8,"PUBLIC SCHOOL DISTRICT"
"988",2021-08-16,"FAYETTEVILLE SCHOOL DIST",40,25,31,8,"PUBLIC SCHOOL DISTRICT"
"178",2021-09-06,"FLIPPIN SCHOOL DIST",30,7,NA,NA,"PUBLIC SCHOOL DISTRICT"
"1331",2021-09-02,"FLIPPIN SCHOOL DIST",30,11,NA,NA,"PUBLIC SCHOOL DISTRICT"
"360",2021-08-30,"FLIPPIN SCHOOL DIST",25,10,NA,NA,"PUBLIC SCHOOL DISTRICT"
"525",2021-08-26,"FLIPPIN SCHOOL DIST",24,17,NA,NA,"PUBLIC SCHOOL DISTRICT"
"714",2021-08-23,"FLIPPIN SCHOOL DIST",17,15,NA,NA,"PUBLIC SCHOOL DISTRICT"
"881",2021-08-19,"FLIPPIN SCHOOL DIST",13,12,NA,NA,"PUBLIC SCHOOL DISTRICT"
"1045",2021-08-16,"FLIPPIN SCHOOL DIST",6,5,NA,NA,"PUBLIC SCHOOL DISTRICT"
"124",2021-09-06,"FOREMAN SCHOOL DIST",20,13,NA,NA,"PUBLIC SCHOOL DISTRICT"
"1341",2021-09-02,"FOREMAN SCHOOL DIST",16,11,NA,NA,"PUBLIC SCHOOL DISTRICT"
"408",2021-08-30,"FOREMAN SCHOOL DIST",10,6,NA,NA,"PUBLIC SCHOOL DISTRICT"
"626",2021-08-26,"FOREMAN SCHOOL DIST",7,6,NA,NA,"PUBLIC SCHOOL DISTRICT"
"53",2021-09-06,"FORREST CITY SCHOOL DIST",50,28,NA,NA,"PUBLIC SCHOOL DISTRICT"
"5310",2021-09-02,"FORREST CITY SCHOOL DIST",44,28,NA,NA,"PUBLIC SCHOOL DISTRICT"
"285",2021-08-30,"FORREST CITY SCHOOL DIST",34,25,NA,NA,"PUBLIC SCHOOL DISTRICT"
"549",2021-08-26,"FORREST CITY SCHOOL DIST",18,13,NA,NA,"PUBLIC SCHOOL DISTRICT"
"783",2021-08-23,"FORREST CITY SCHOOL DIST",10,6,NA,NA,"PUBLIC SCHOOL DISTRICT"
"3",2021-09-06,"FORT SMITH SCHOOL DIST",340,140,233,55,"PUBLIC SCHOOL DISTRICT"
"3100",2021-09-02,"FORT SMITH SCHOOL DIST",311,150,204,52,"PUBLIC SCHOOL DISTRICT"
"2471",2021-08-30,"FORT SMITH SCHOOL DIST",247,122,163,45,"PUBLIC SCHOOL DISTRICT"
"477",2021-08-26,"FORT SMITH SCHOOL DIST",199,104,122,44,"PUBLIC SCHOOL DISTRICT"
"688",2021-08-23,"FORT SMITH SCHOOL DIST",133,70,76,38,"PUBLIC SCHOOL DISTRICT"
"844",2021-08-19,"FORT SMITH SCHOOL DIST",103,63,54,34,"PUBLIC SCHOOL DISTRICT"
"981",2021-08-16,"FORT SMITH SCHOOL DIST",73,49,36,26,"PUBLIC SCHOOL DISTRICT"
"164",2021-09-06,"FOUKE SCHOOL DIST",23,9,15,7,"PUBLIC SCHOOL DISTRICT"
"1431",2021-09-02,"FOUKE SCHOOL DIST",23,10,15,7,"PUBLIC SCHOOL DISTRICT"
"361",2021-08-30,"FOUKE SCHOOL DIST",18,10,12,5,"PUBLIC SCHOOL DISTRICT"
"572",2021-08-26,"FOUKE SCHOOL DIST",17,10,11,5,"PUBLIC SCHOOL DISTRICT"
"751",2021-08-23,"FOUKE SCHOOL DIST",12,9,NA,NA,"PUBLIC SCHOOL DISTRICT"
"925",2021-08-19,"FOUKE SCHOOL DIST",6,6,NA,NA,"PUBLIC SCHOOL DISTRICT"
"110",2021-09-06,"FOUNTAIN LAKE SCHOOL DIST",28,15,NA,NA,"PUBLIC SCHOOL DISTRICT"
"1201",2021-09-02,"FOUNTAIN LAKE SCHOOL DIST",24,13,NA,NA,"PUBLIC SCHOOL DISTRICT"
"385",2021-08-30,"FOUNTAIN LAKE SCHOOL DIST",18,8,NA,NA,"PUBLIC SCHOOL DISTRICT"
"627",2021-08-26,"FOUNTAIN LAKE SCHOOL DIST",15,6,NA,NA,"PUBLIC SCHOOL DISTRICT"
"784",2021-08-23,"FOUNTAIN LAKE SCHOOL DIST",10,6,NA,NA,"PUBLIC SCHOOL DISTRICT"
"1046",2021-08-16,"FOUNTAIN LAKE SCHOOL DIST",6,5,NA,NA,"PUBLIC SCHOOL DISTRICT"
"125",2021-09-06,"GENOA CENTRAL SCHOOL DIST",29,13,20,5,"PUBLIC SCHOOL DISTRICT"
"9910",2021-09-02,"GENOA CENTRAL SCHOOL DIST",28,16,19,5,"PUBLIC SCHOOL DISTRICT"
"352",2021-08-30,"GENOA CENTRAL SCHOOL DIST",17,11,NA,NA,"PUBLIC SCHOOL DISTRICT"
"552",2021-08-26,"GENOA CENTRAL SCHOOL DIST",16,12,NA,NA,"PUBLIC SCHOOL DISTRICT"
"77",2021-09-06,"GENTRY SCHOOL DIST",50,22,NA,NA,"PUBLIC SCHOOL DISTRICT"
"7110",2021-09-02,"GENTRY SCHOOL DIST",42,22,NA,NA,"PUBLIC SCHOOL DISTRICT"
"324",2021-08-30,"GENTRY SCHOOL DIST",33,16,NA,NA,"PUBLIC SCHOOL DISTRICT"
"550",2021-08-26,"GENTRY SCHOOL DIST",29,13,NA,NA,"PUBLIC SCHOOL DISTRICT"
"742",2021-08-23,"GENTRY SCHOOL DIST",17,10,NA,NA,"PUBLIC SCHOOL DISTRICT"
"873",2021-08-19,"GENTRY SCHOOL DIST",17,14,NA,NA,"PUBLIC SCHOOL DISTRICT"
"1035",2021-08-16,"GENTRY SCHOOL DIST",9,7,NA,NA,"PUBLIC SCHOOL DISTRICT"
"71",2021-09-06,"GLEN ROSE SCHOOL DIST",54,23,38,7,"PUBLIC SCHOOL DISTRICT"
"3410",2021-09-02,"GLEN ROSE SCHOOL DIST",51,35,36,6,"PUBLIC SCHOOL DISTRICT"
"302",2021-08-30,"GLEN ROSE SCHOOL DIST",33,20,NA,NA,"PUBLIC SCHOOL DISTRICT"
"597",2021-08-26,"GLEN ROSE SCHOOL DIST",23,8,20,0,"PUBLIC SCHOOL DISTRICT"
"926",2021-08-19,"GLEN ROSE SCHOOL DIST",11,6,11,0,"PUBLIC SCHOOL DISTRICT"
"1047",2021-08-16,"GLEN ROSE SCHOOL DIST",10,5,10,0,"PUBLIC SCHOOL DISTRICT"
"155",2021-09-06,"GOSNELL SCHOOL DIST",33,10,21,5,"PUBLIC SCHOOL DISTRICT"
"1441",2021-09-02,"GOSNELL SCHOOL DIST",29,10,17,5,"PUBLIC SCHOOL DISTRICT"
"395",2021-08-30,"GOSNELL SCHOOL DIST",18,7,8,5,"PUBLIC SCHOOL DISTRICT"
"573",2021-08-26,"GOSNELL SCHOOL DIST",17,10,7,5,"PUBLIC SCHOOL DISTRICT"
"752",2021-08-23,"GOSNELL SCHOOL DIST",14,9,5,5,"PUBLIC SCHOOL DISTRICT"
"907",2021-08-19,"GOSNELL SCHOOL DIST",9,7,NA,NA,"PUBLIC SCHOOL DISTRICT"
"37",2021-09-06,"GRAVETTE SCHOOL DIST",64,36,44,8,"PUBLIC SCHOOL DISTRICT"
"2910",2021-09-02,"GRAVETTE SCHOOL DIST",56,37,37,7,"PUBLIC SCHOOL DISTRICT"
"275",2021-08-30,"GRAVETTE SCHOOL DIST",40,29,27,5,"PUBLIC SCHOOL DISTRICT"
"499",2021-08-26,"GRAVETTE SCHOOL DIST",33,26,22,5,"PUBLIC SCHOOL DISTRICT"
"735",2021-08-23,"GRAVETTE SCHOOL DIST",12,11,NA,NA,"PUBLIC SCHOOL DISTRICT"
"936",2021-08-19,"GRAVETTE SCHOOL DIST",6,5,NA,NA,"PUBLIC SCHOOL DISTRICT"
"136",2021-09-06,"GREEN FOREST SCHOOL DIST",21,12,NA,NA,"PUBLIC SCHOOL DISTRICT"
"1621",2021-09-02,"GREEN FOREST SCHOOL DIST",12,8,NA,NA,"PUBLIC SCHOOL DISTRICT"
"409",2021-08-30,"GREEN FOREST SCHOOL DIST",10,6,NA,NA,"PUBLIC SCHOOL DISTRICT"
"628",2021-08-26,"GREEN FOREST SCHOOL DIST",8,6,NA,NA,"PUBLIC SCHOOL DISTRICT"
"25",2021-09-06,"GREENBRIER SCHOOL DIST",84,43,68,8,"PUBLIC SCHOOL DISTRICT"
"5910",2021-09-02,"GREENBRIER SCHOOL DIST",62,26,47,6,"PUBLIC SCHOOL DISTRICT"
"304",2021-08-30,"GREENBRIER SCHOOL DIST",45,19,36,6,"PUBLIC SCHOOL DISTRICT"
"534",2021-08-26,"GREENBRIER SCHOOL DIST",35,15,28,6,"PUBLIC SCHOOL DISTRICT"
"736",2021-08-23,"GREENBRIER SCHOOL DIST",29,11,23,6,"PUBLIC SCHOOL DISTRICT"
"937",2021-08-19,"GREENBRIER SCHOOL DIST",21,5,15,6,"PUBLIC SCHOOL DISTRICT"
"1036",2021-08-16,"GREENBRIER SCHOOL DIST",17,7,12,5,"PUBLIC SCHOOL DISTRICT"
"16",2021-09-06,"GREENE COUNTY TECH SCHOOL DIST",120,56,88,16,"PUBLIC SCHOOL DISTRICT"
"1610",2021-09-02,"GREENE COUNTY TECH SCHOOL DIST",112,57,81,16,"PUBLIC SCHOOL DISTRICT"
"260",2021-08-30,"GREENE COUNTY TECH SCHOOL DIST",81,38,57,13,"PUBLIC SCHOOL DISTRICT"
"487",2021-08-26,"GREENE COUNTY TECH SCHOOL DIST",69,35,45,13,"PUBLIC SCHOOL DISTRICT"
"699",2021-08-23,"GREENE COUNTY TECH SCHOOL DIST",45,26,29,10,"PUBLIC SCHOOL DISTRICT"
"860",2021-08-19,"GREENE COUNTY TECH SCHOOL DIST",30,21,19,8,"PUBLIC SCHOOL DISTRICT"
"1008",2021-08-16,"GREENE COUNTY TECH SCHOOL DIST",15,11,8,5,"PUBLIC SCHOOL DISTRICT"
"60",2021-09-06,"GREENLAND SCHOOL DIST",36,26,27,6,"PUBLIC SCHOOL DISTRICT"
"8610",2021-09-02,"GREENLAND SCHOOL DIST",25,18,NA,NA,"PUBLIC SCHOOL DISTRICT"
"396",2021-08-30,"GREENLAND SCHOOL DIST",14,7,NA,NA,"PUBLIC SCHOOL DISTRICT"
"927",2021-08-19,"GREENLAND SCHOOL DIST",7,6,7,0,"PUBLIC SCHOOL DISTRICT"
"1039",2021-08-16,"GREENLAND SCHOOL DIST",6,6,6,0,"PUBLIC SCHOOL DISTRICT"
"35",2021-09-06,"GREENWOOD SCHOOL DIST",71,37,41,9,"PUBLIC SCHOOL DISTRICT"
"4510",2021-09-02,"GREENWOOD SCHOOL DIST",60,31,29,8,"PUBLIC SCHOOL DISTRICT"
"375",2021-08-30,"GREENWOOD SCHOOL DIST",30,9,NA,NA,"PUBLIC SCHOOL DISTRICT"
"557",2021-08-26,"GREENWOOD SCHOOL DIST",27,11,NA,NA,"PUBLIC SCHOOL DISTRICT"
"743",2021-08-23,"GREENWOOD SCHOOL DIST",24,10,NA,NA,"PUBLIC SCHOOL DISTRICT"
"908",2021-08-19,"GREENWOOD SCHOOL DIST",16,7,NA,NA,"PUBLIC SCHOOL DISTRICT"
"1048",2021-08-16,"GREENWOOD SCHOOL DIST",10,5,NA,NA,"PUBLIC SCHOOL DISTRICT"
"193",2021-09-06,"GURDON SCHOOL DIST",25,6,15,0,"PUBLIC SCHOOL DISTRICT"
"803",2021-08-23,"GURDON SCHOOL DIST",18,5,10,0,"PUBLIC SCHOOL DISTRICT"
"889",2021-08-19,"GURDON SCHOOL DIST",17,11,10,0,"PUBLIC SCHOOL DISTRICT"
"1014",2021-08-16,"GURDON SCHOOL DIST",12,10,6,0,"PUBLIC SCHOOL DISTRICT"
"126",2021-09-06,"GUY",26,13,NA,NA,"PUBLIC SCHOOL DISTRICT"
"9410",2021-09-02,"GUY",25,17,NA,NA,"PUBLIC SCHOOL DISTRICT"
"312",2021-08-30,"GUY",18,18,17,0,"PUBLIC SCHOOL DISTRICT"
"535",2021-08-26,"GUY",15,15,13,0,"PUBLIC SCHOOL DISTRICT"
"97",2021-09-06,"HACKETT SCHOOL DIST",22,17,NA,NA,"PUBLIC SCHOOL DISTRICT"
"112",2021-09-02,"HACKETT SCHOOL DIST",19,14,NA,NA,"PUBLIC SCHOOL DISTRICT"
"376",2021-08-30,"HACKETT SCHOOL DIST",12,9,10,0,"PUBLIC SCHOOL DISTRICT"
"31",2021-09-06,"HAMBURG SCHOOL DIST",70,39,47,12,"PUBLIC SCHOOL DISTRICT"
"4610",2021-09-02,"HAMBURG SCHOOL DIST",57,31,37,9,"PUBLIC SCHOOL DISTRICT"
"276",2021-08-30,"HAMBURG SCHOOL DIST",44,28,29,6,"PUBLIC SCHOOL DISTRICT"
"494",2021-08-26,"HAMBURG SCHOOL DIST",37,29,NA,NA,"PUBLIC SCHOOL DISTRICT"
"727",2021-08-23,"HAMBURG SCHOOL DIST",17,12,NA,NA,"PUBLIC SCHOOL DISTRICT"
"882",2021-08-19,"HAMBURG SCHOOL DIST",13,12,NA,NA,"PUBLIC SCHOOL DISTRICT"
"818",2021-08-23,"HARDING ACADEMY, SEARCY",9,7,6,0,"PRIVATE SCHOOL"
"955",2021-08-19,"HARDING ACADEMY, SEARCY",9,8,6,0,"PRIVATE SCHOOL"
"230",2021-09-06,"HARDING UNIVERSITY, SEARCY",49,37,NA,NA,"COLLEGE/UNIVERSITY"
"2121",2021-09-02,"HARDING UNIVERSITY, SEARCY",38,32,NA,NA,"COLLEGE/UNIVERSITY"
"446",2021-08-30,"HARDING UNIVERSITY, SEARCY",18,13,NA,NA,"COLLEGE/UNIVERSITY"
"673",2021-08-26,"HARDING UNIVERSITY, SEARCY",9,5,6,0,"COLLEGE/UNIVERSITY"
"111",2021-09-06,"HARMONY GROVE SCH DIST(SALINE)",31,15,NA,NA,"PUBLIC SCHOOL DISTRICT"
"9510",2021-09-02,"HARMONY GROVE SCH DIST(SALINE)",29,17,NA,NA,"PUBLIC SCHOOL DISTRICT"
"339",2021-08-30,"HARMONY GROVE SCH DIST(SALINE)",21,13,NA,NA,"PUBLIC SCHOOL DISTRICT"
"610",2021-08-26,"HARMONY GROVE SCH DIST(SALINE)",16,7,NA,NA,"PUBLIC SCHOOL DISTRICT"
"938",2021-08-19,"HARMONY GROVE SCH DIST(SALINE)",8,5,NA,NA,"PUBLIC SCHOOL DISTRICT"
"48",2021-09-06,"HARRISBURG SCHOOL DIST",67,31,41,12,"PUBLIC SCHOOL DISTRICT"
"4910",2021-09-02,"HARRISBURG SCHOOL DIST",61,29,34,11,"PUBLIC SCHOOL DISTRICT"
"289",2021-08-30,"HARRISBURG SCHOOL DIST",47,24,25,9,"PUBLIC SCHOOL DISTRICT"
"505",2021-08-26,"HARRISBURG SCHOOL DIST",37,23,17,8,"PUBLIC SCHOOL DISTRICT"
"715",2021-08-23,"HARRISBURG SCHOOL DIST",25,15,12,7,"PUBLIC SCHOOL DISTRICT"
"868",2021-08-19,"HARRISBURG SCHOOL DIST",19,15,9,6,"PUBLIC SCHOOL DISTRICT"
"1015",2021-08-16,"HARRISBURG SCHOOL DIST",12,10,NA,NA,"PUBLIC SCHOOL DISTRICT"
"165",2021-09-06,"HARRISON SCHOOL DIST",38,9,24,7,"PUBLIC SCHOOL DISTRICT"
"1211",2021-09-02,"HARRISON SCHOOL DIST",37,13,23,7,"PUBLIC SCHOOL DISTRICT"
"316",2021-08-30,"HARRISON SCHOOL DIST",33,17,19,7,"PUBLIC SCHOOL DISTRICT"
"574",2021-08-26,"HARRISON SCHOOL DIST",22,10,11,5,"PUBLIC SCHOOL DISTRICT"
"753",2021-08-23,"HARRISON SCHOOL DIST",18,9,NA,NA,"PUBLIC SCHOOL DISTRICT"
"939",2021-08-19,"HARRISON SCHOOL DIST",11,5,NA,NA,"PUBLIC SCHOOL DISTRICT"
"113",2021-09-06,"HAZEN SCHOOL DIST",25,15,NA,NA,"PUBLIC SCHOOL DISTRICT"
"7610",2021-09-02,"HAZEN SCHOOL DIST",24,20,NA,NA,"PUBLIC SCHOOL DISTRICT"
"332",2021-08-30,"HAZEN SCHOOL DIST",17,15,NA,NA,"PUBLIC SCHOOL DISTRICT"
"558",2021-08-26,"HAZEN SCHOOL DIST",13,11,NA,NA,"PUBLIC SCHOOL DISTRICT"
"26",2021-09-06,"HEBER SPRINGS SCHOOL DIST",77,41,50,9,"PUBLIC SCHOOL DISTRICT"
"2110",2021-09-02,"HEBER SPRINGS SCHOOL DIST",65,41,39,7,"PUBLIC SCHOOL DISTRICT"
"2651",2021-08-30,"HEBER SPRINGS SCHOOL DIST",45,33,NA,NA,"PUBLIC SCHOOL DISTRICT"
"488",2021-08-26,"HEBER SPRINGS SCHOOL DIST",40,34,NA,NA,"PUBLIC SCHOOL DISTRICT"
"718",2021-08-23,"HEBER SPRINGS SCHOOL DIST",18,14,NA,NA,"PUBLIC SCHOOL DISTRICT"
"909",2021-08-19,"HEBER SPRINGS SCHOOL DIST",9,7,NA,NA,"PUBLIC SCHOOL DISTRICT"
"119",2021-09-06,"HECTOR SCHOOL DIST",20,14,NA,NA,"PUBLIC SCHOOL DISTRICT"
"1078",2021-09-02,"HECTOR SCHOOL DIST",20,15,NA,NA,"PUBLIC SCHOOL DISTRICT"
"377",2021-08-30,"HECTOR SCHOOL DIST",13,9,NA,NA,"PUBLIC SCHOOL DISTRICT"
"141",2021-09-06,"HELENA/WEST HELENA SCHOOL DIST",21,11,NA,NA,"PUBLIC SCHOOL DISTRICT"
"1351",2021-09-02,"HELENA/WEST HELENA SCHOOL DIST",18,11,NA,NA,"PUBLIC SCHOOL DISTRICT"
"362",2021-08-30,"HELENA/WEST HELENA SCHOOL DIST",16,10,NA,NA,"PUBLIC SCHOOL DISTRICT"
"598",2021-08-26,"HELENA/WEST HELENA SCHOOL DIST",12,8,NA,NA,"PUBLIC SCHOOL DISTRICT"
"940",2021-08-19,"HELENA/WEST HELENA SCHOOL DIST",6,5,NA,NA,"PUBLIC SCHOOL DISTRICT"
"236",2021-09-06,"HENDERSON STATE UNIVERSITY, ARKADELPHIA",42,17,18,8,"COLLEGE/UNIVERSITY"
"2191",2021-09-02,"HENDERSON STATE UNIVERSITY, ARKADELPHIA",37,13,14,7,"COLLEGE/UNIVERSITY"
"447",2021-08-30,"HENDERSON STATE UNIVERSITY, ARKADELPHIA",29,12,13,5,"COLLEGE/UNIVERSITY"
"659",2021-08-26,"HENDERSON STATE UNIVERSITY, ARKADELPHIA",25,15,11,5,"COLLEGE/UNIVERSITY"
"825",2021-08-23,"HENDERSON STATE UNIVERSITY, ARKADELPHIA",20,13,7,5,"PUBLIC SCHOOL DISTRICT"
"963",2021-08-19,"HENDERSON STATE UNIVERSITY, ARKADELPHIA",13,8,NA,NA,"COLLEGE/UNIVERSITY"
"674",2021-08-26,"HENDRIX COLLEGE, CONWAY",8,5,NA,NA,"COLLEGE/UNIVERSITY"
"142",2021-09-06,"HERMITAGE SCHOOL DIST",16,11,NA,NA,"PUBLIC SCHOOL DISTRICT"
"1901",2021-09-02,"HERMITAGE SCHOOL DIST",10,5,NA,NA,"PUBLIC SCHOOL DISTRICT"
"82",2021-09-06,"HIGHLAND SCHOOL DIST",52,21,36,6,"PUBLIC SCHOOL DISTRICT"
"7710",2021-09-02,"HIGHLAND SCHOOL DIST",47,20,NA,NA,"PUBLIC SCHOOL DISTRICT"
"363",2021-08-30,"HIGHLAND SCHOOL DIST",35,10,NA,NA,"PUBLIC SCHOOL DISTRICT"
"559",2021-08-26,"HIGHLAND SCHOOL DIST",31,11,NA,NA,"PUBLIC SCHOOL DISTRICT"
"724",2021-08-23,"HIGHLAND SCHOOL DIST",26,13,NA,NA,"PUBLIC SCHOOL DISTRICT"
"869",2021-08-19,"HIGHLAND SCHOOL DIST",25,15,NA,NA,"PUBLIC SCHOOL DISTRICT"
"1009",2021-08-16,"HIGHLAND SCHOOL DIST",18,11,NA,NA,"PUBLIC SCHOOL DISTRICT"
"588",2021-08-26,"HOPE SCHOOL DIST",16,9,NA,NA,"PUBLIC SCHOOL DISTRICT"
"744",2021-08-23,"HOPE SCHOOL DIST",15,10,NA,NA,"PUBLIC SCHOOL DISTRICT"
"894",2021-08-19,"HOPE SCHOOL DIST",11,10,NA,NA,"PUBLIC SCHOOL DISTRICT"
"104",2021-09-06,"HORATIO SCHOOL DIST",33,16,NA,NA,"PUBLIC SCHOOL DISTRICT"
"1131",2021-09-02,"HORATIO SCHOOL DIST",27,14,NA,NA,"PUBLIC SCHOOL DISTRICT"
"386",2021-08-30,"HORATIO SCHOOL DIST",19,8,NA,NA,"PUBLIC SCHOOL DISTRICT"
"611",2021-08-26,"HORATIO SCHOOL DIST",16,7,NA,NA,"PUBLIC SCHOOL DISTRICT"
"83",2021-09-06,"HOT SPRINGS SCHOOL DIST",44,21,37,7,"PUBLIC SCHOOL DISTRICT"
"7210",2021-09-02,"HOT SPRINGS SCHOOL DIST",39,22,33,6,"PUBLIC SCHOOL DISTRICT"
"305",2021-08-30,"HOT SPRINGS SCHOOL DIST",32,19,27,5,"PUBLIC SCHOOL DISTRICT"
"551",2021-08-26,"HOT SPRINGS SCHOOL DIST",21,13,16,5,"PUBLIC SCHOOL DISTRICT"
"760",2021-08-23,"HOT SPRINGS SCHOOL DIST",16,8,NA,NA,"PUBLIC SCHOOL DISTRICT"
"179",2021-09-06,"HOXIE SCHOOL DIST",19,7,17,0,"PUBLIC SCHOOL DISTRICT"
"1721",2021-09-02,"HOXIE SCHOOL DIST",18,7,17,0,"PUBLIC SCHOOL DISTRICT"
"378",2021-08-30,"HOXIE SCHOOL DIST",17,9,16,0,"PUBLIC SCHOOL DISTRICT"
"560",2021-08-26,"HOXIE SCHOOL DIST",15,11,14,0,"PUBLIC SCHOOL DISTRICT"
"761",2021-08-23,"HOXIE SCHOOL DIST",8,8,8,0,"PUBLIC SCHOOL DISTRICT"
"910",2021-08-19,"HOXIE SCHOOL DIST",7,7,7,0,"PUBLIC SCHOOL DISTRICT"
"56",2021-09-06,"HUNTSVILLE SCHOOL DIST",62,27,44,6,"PUBLIC SCHOOL DISTRICT"
"6210",2021-09-02,"HUNTSVILLE SCHOOL DIST",52,25,NA,NA,"PUBLIC SCHOOL DISTRICT"
"279",2021-08-30,"HUNTSVILLE SCHOOL DIST",50,27,NA,NA,"PUBLIC SCHOOL DISTRICT"
"509",2021-08-26,"HUNTSVILLE SCHOOL DIST",35,22,NA,NA,"PUBLIC SCHOOL DISTRICT"
"716",2021-08-23,"HUNTSVILLE SCHOOL DIST",21,15,NA,NA,"PUBLIC SCHOOL DISTRICT"
"897",2021-08-19,"HUNTSVILLE SCHOOL DIST",13,9,6,0,"PUBLIC SCHOOL DISTRICT"
"1025",2021-08-16,"HUNTSVILLE SCHOOL DIST",10,8,NA,NA,"PUBLIC SCHOOL DISTRICT"
"180",2021-09-06,"JACKSON CO. SCHOOL DIST",25,7,NA,NA,"PUBLIC SCHOOL DISTRICT"
"1251",2021-09-02,"JACKSON CO. SCHOOL DIST",25,12,NA,NA,"PUBLIC SCHOOL DISTRICT"
"340",2021-08-30,"JACKSON CO. SCHOOL DIST",23,13,NA,NA,"PUBLIC SCHOOL DISTRICT"
"561",2021-08-26,"JACKSON CO. SCHOOL DIST",18,11,NA,NA,"PUBLIC SCHOOL DISTRICT"
"804",2021-08-23,"JACKSON CO. SCHOOL DIST",9,5,7,0,"PUBLIC SCHOOL DISTRICT"
"941",2021-08-19,"JACKSON CO. SCHOOL DIST",7,5,5,0,"PUBLIC SCHOOL DISTRICT"
"156",2021-09-06,"JACKSONVILLE LIGHTHOUSE CHARTER",24,10,NA,NA,"PUBLIC SCHOOL DISTRICT"
"1141",2021-09-02,"JACKSONVILLE LIGHTHOUSE CHARTER",22,14,NA,NA,"PUBLIC SCHOOL DISTRICT"
"335",2021-08-30,"JACKSONVILLE LIGHTHOUSE CHARTER",21,14,NA,NA,"PUBLIC SCHOOL DISTRICT"
"575",2021-08-26,"JACKSONVILLE LIGHTHOUSE CHARTER",14,10,NA,NA,"PUBLIC SCHOOL DISTRICT"
"805",2021-08-23,"JACKSONVILLE LIGHTHOUSE CHARTER",6,5,NA,NA,"PUBLIC SCHOOL DISTRICT"
"40",2021-09-06,"JACKSONVILLE NORTH PULASKI SCHOOL DIST",82,35,55,7,"PUBLIC SCHOOL DISTRICT"
"3510",2021-09-02,"JACKSONVILLE NORTH PULASKI SCHOOL DIST",70,35,46,6,"PUBLIC SCHOOL DISTRICT"
"266",2021-08-30,"JACKSONVILLE NORTH PULASKI SCHOOL DIST",58,33,39,6,"PUBLIC SCHOOL DISTRICT"
"497",2021-08-26,"JACKSONVILLE NORTH PULASKI SCHOOL DIST",44,27,NA,NA,"PUBLIC SCHOOL DISTRICT"
"719",2021-08-23,"JACKSONVILLE NORTH PULASKI SCHOOL DIST",27,14,NA,NA,"PUBLIC SCHOOL DISTRICT"
"898",2021-08-19,"JACKSONVILLE NORTH PULASKI SCHOOL DIST",19,8,NA,NA,"PUBLIC SCHOOL DISTRICT"
"1040",2021-08-16,"JACKSONVILLE NORTH PULASKI SCHOOL DIST",13,6,NA,NA,"PUBLIC SCHOOL DISTRICT"
"98",2021-09-06,"JASPER SCHOOL DIST",21,17,15,6,"PUBLIC SCHOOL DISTRICT"
"1151",2021-09-02,"JASPER SCHOOL DIST",15,14,NA,NA,"PUBLIC SCHOOL DISTRICT"
"157",2021-09-06,"JESSIEVILLE SCHOOL DIST",25,10,NA,NA,"PUBLIC SCHOOL DISTRICT"
"1451",2021-09-02,"JESSIEVILLE SCHOOL DIST",23,10,NA,NA,"PUBLIC SCHOOL DISTRICT"
"410",2021-08-30,"JESSIEVILLE SCHOOL DIST",18,6,NA,NA,"PUBLIC SCHOOL DISTRICT"
"612",2021-08-26,"JESSIEVILLE SCHOOL DIST",13,7,NA,NA,"PUBLIC SCHOOL DISTRICT"
"785",2021-08-23,"JESSIEVILLE SCHOOL DIST",12,6,NA,NA,"PUBLIC SCHOOL DISTRICT"
"942",2021-08-19,"JESSIEVILLE SCHOOL DIST",11,5,NA,NA,"PUBLIC SCHOOL DISTRICT"
"240",2021-09-06,"JOHN BROWN UNIVERSITY, SILOAM SPRINGS",26,10,8,10,"COLLEGE/UNIVERSITY"
"2231",2021-09-02,"JOHN BROWN UNIVERSITY, SILOAM SPRINGS",25,10,6,10,"COLLEGE/UNIVERSITY"
"463",2021-08-30,"JOHN BROWN UNIVERSITY, SILOAM SPRINGS",20,5,6,8,"COLLEGE/UNIVERSITY"
"675",2021-08-26,"JOHN BROWN UNIVERSITY, SILOAM SPRINGS",17,5,5,7,"COLLEGE/UNIVERSITY"
"968",2021-08-19,"JOHN BROWN UNIVERSITY, SILOAM SPRINGS",12,5,NA,NA,"COLLEGE/UNIVERSITY"
"1063",2021-08-16,"JOHN BROWN UNIVERSITY, SILOAM SPRINGS",11,8,NA,NA,"COLLEGE/UNIVERSITY"
"4",2021-09-06,"JONESBORO SCHOOL DIST",189,97,153,13,"PUBLIC SCHOOL DISTRICT"
"7100",2021-09-02,"JONESBORO SCHOOL DIST",172,93,138,11,"PUBLIC SCHOOL DISTRICT"
"2521",2021-08-30,"JONESBORO SCHOOL DIST",126,75,103,11,"PUBLIC SCHOOL DISTRICT"
"479",2021-08-26,"JONESBORO SCHOOL DIST",94,60,75,8,"PUBLIC SCHOOL DISTRICT"
"693",2021-08-23,"JONESBORO SCHOOL DIST",59,41,52,5,"PUBLIC SCHOOL DISTRICT"
"854",2021-08-19,"JONESBORO SCHOOL DIST",32,28,NA,NA,"PUBLIC SCHOOL DISTRICT"
"998",2021-08-16,"JONESBORO SCHOOL DIST",18,15,NA,NA,"PUBLIC SCHOOL DISTRICT"
"105",2021-09-06,"JUNCTION CITY SCHOOL DIST",21,16,16,5,"PUBLIC SCHOOL DISTRICT"
"1461",2021-09-02,"JUNCTION CITY SCHOOL DIST",15,10,NA,NA,"PUBLIC SCHOOL DISTRICT"
"411",2021-08-30,"JUNCTION CITY SCHOOL DIST",7,6,NA,NA,"PUBLIC SCHOOL DISTRICT"
"639",2021-08-26,"JUNCTION CITY SCHOOL DIST",6,5,NA,NA,"PUBLIC SCHOOL DISTRICT"
"181",2021-09-06,"KIPP DELTA PUBLIC SCHOOL DIST",40,7,NA,NA,"PUBLIC SCHOOL DISTRICT"
"1361",2021-09-02,"KIPP DELTA PUBLIC SCHOOL DIST",40,11,NA,NA,"PUBLIC SCHOOL DISTRICT"
"290",2021-08-30,"KIPP DELTA PUBLIC SCHOOL DIST",40,24,NA,NA,"PUBLIC SCHOOL DISTRICT"
"514",2021-08-26,"KIPP DELTA PUBLIC SCHOOL DIST",32,20,NA,NA,"PUBLIC SCHOOL DISTRICT"
"725",2021-08-23,"KIPP DELTA PUBLIC SCHOOL DIST",21,13,NA,NA,"PUBLIC SCHOOL DISTRICT"
"899",2021-08-19,"KIPP DELTA PUBLIC SCHOOL DIST",10,8,8,0,"PUBLIC SCHOOL DISTRICT"
"1049",2021-08-16,"KIPP DELTA PUBLIC SCHOOL DIST",5,5,NA,NA,"PUBLIC SCHOOL DISTRICT"
"174",2021-09-06,"KIRBY SCHOOL DIST",10,8,NA,NA,"PUBLIC SCHOOL DISTRICT"
"1631",2021-09-02,"KIRBY SCHOOL DIST",10,8,NA,NA,"PUBLIC SCHOOL DISTRICT"
"640",2021-08-26,"KIRBY SCHOOL DIST",5,5,NA,NA,"PUBLIC SCHOOL DISTRICT"
"166",2021-09-06,"LAFAYETTE COUNTY SCHOOL DIST",17,9,10,5,"PUBLIC SCHOOL DISTRICT"
"1911",2021-09-02,"LAFAYETTE COUNTY SCHOOL DIST",10,5,NA,NA,"PUBLIC SCHOOL DISTRICT"
"46",2021-09-06,"LAKE HAMILTON SCHOOL DIST",97,32,77,11,"PUBLIC SCHOOL DISTRICT"
"5410",2021-09-02,"LAKE HAMILTON SCHOOL DIST",88,28,68,11,"PUBLIC SCHOOL DISTRICT"
"286",2021-08-30,"LAKE HAMILTON SCHOOL DIST",75,25,61,9,"PUBLIC SCHOOL DISTRICT"
"510",2021-08-26,"LAKE HAMILTON SCHOOL DIST",70,22,58,8,"PUBLIC SCHOOL DISTRICT"
"720",2021-08-23,"LAKE HAMILTON SCHOOL DIST",54,14,46,6,"PUBLIC SCHOOL DISTRICT"
"865",2021-08-19,"LAKE HAMILTON SCHOOL DIST",45,18,37,6,"PUBLIC SCHOOL DISTRICT"
"994",2021-08-16,"LAKE HAMILTON SCHOOL DIST",30,20,23,6,"PUBLIC SCHOOL DISTRICT"
"194",2021-09-06,"LAKESIDE SCHOOL DIST(CHICOT)",22,6,17,0,"PUBLIC SCHOOL DISTRICT"
"1731",2021-09-02,"LAKESIDE SCHOOL DIST(CHICOT)",21,7,17,0,"PUBLIC SCHOOL DISTRICT"
"379",2021-08-30,"LAKESIDE SCHOOL DIST(CHICOT)",16,9,12,0,"PUBLIC SCHOOL DISTRICT"
"576",2021-08-26,"LAKESIDE SCHOOL DIST(CHICOT)",15,10,10,0,"PUBLIC SCHOOL DISTRICT"
"806",2021-08-23,"LAKESIDE SCHOOL DIST(CHICOT)",9,5,7,0,"PUBLIC SCHOOL DISTRICT"
"943",2021-08-19,"LAKESIDE SCHOOL DIST(CHICOT)",7,5,5,0,"PUBLIC SCHOOL DISTRICT"
"120",2021-09-06,"LAKESIDE SCHOOL DIST(GARLAND)",51,14,NA,NA,"PUBLIC SCHOOL DISTRICT"
"10010",2021-09-02,"LAKESIDE SCHOOL DIST(GARLAND)",51,16,NA,NA,"PUBLIC SCHOOL DISTRICT"
"364",2021-08-30,"LAKESIDE SCHOOL DIST(GARLAND)",22,10,NA,NA,"PUBLIC SCHOOL DISTRICT"
"641",2021-08-26,"LAKESIDE SCHOOL DIST(GARLAND)",12,5,NA,NA,"PUBLIC SCHOOL DISTRICT"
"807",2021-08-23,"LAKESIDE SCHOOL DIST(GARLAND)",10,5,NA,NA,"PUBLIC SCHOOL DISTRICT"
"78",2021-09-06,"LAMAR SCHOOL DIST",62,22,43,9,"PUBLIC SCHOOL DISTRICT"
"5610",2021-09-02,"LAMAR SCHOOL DIST",52,27,36,7,"PUBLIC SCHOOL DISTRICT"
"282",2021-08-30,"LAMAR SCHOOL DIST",45,26,31,6,"PUBLIC SCHOOL DISTRICT"
"519",2021-08-26,"LAMAR SCHOOL DIST",36,18,24,6,"PUBLIC SCHOOL DISTRICT"
"762",2021-08-23,"LAMAR SCHOOL DIST",22,8,11,6,"PUBLIC SCHOOL DISTRICT"
"900",2021-08-19,"LAMAR SCHOOL DIST",18,8,10,6,"PUBLIC SCHOOL DISTRICT"
"195",2021-09-06,"LAVACA SCHOOL DIST",28,6,19,5,"PUBLIC SCHOOL DISTRICT"
"1371",2021-09-02,"LAVACA SCHOOL DIST",26,11,17,5,"PUBLIC SCHOOL DISTRICT"
"380",2021-08-30,"LAVACA SCHOOL DIST",24,9,NA,NA,"PUBLIC SCHOOL DISTRICT"
"562",2021-08-26,"LAVACA SCHOOL DIST",22,11,NA,NA,"PUBLIC SCHOOL DISTRICT"
"47",2021-09-06,"LAWRENCE COUNTY SCHOOL DIST",62,32,42,12,"PUBLIC SCHOOL DISTRICT"
"3910",2021-09-02,"LAWRENCE COUNTY SCHOOL DIST",57,34,35,12,"PUBLIC SCHOOL DISTRICT"
"341",2021-08-30,"LAWRENCE COUNTY SCHOOL DIST",32,13,18,11,"PUBLIC SCHOOL DISTRICT"
"613",2021-08-26,"LAWRENCE COUNTY SCHOOL DIST",25,7,14,10,"PUBLIC SCHOOL DISTRICT"
"773",2021-08-23,"LAWRENCE COUNTY SCHOOL DIST",18,7,11,6,"PUBLIC SCHOOL DISTRICT"
"928",2021-08-19,"LAWRENCE COUNTY SCHOOL DIST",17,6,10,6,"PUBLIC SCHOOL DISTRICT"
"1026",2021-08-16,"LAWRENCE COUNTY SCHOOL DIST",12,8,NA,NA,"PUBLIC SCHOOL DISTRICT"
"209",2021-09-06,"LEE COUNTY SCHOOL DIST",7,5,7,0,"PUBLIC SCHOOL DISTRICT"
"1801",2021-09-02,"LEE COUNTY SCHOOL DIST",7,6,7,0,"PUBLIC SCHOOL DISTRICT"
"422",2021-08-30,"LEE COUNTY SCHOOL DIST",5,5,5,0,"PUBLIC SCHOOL DISTRICT"
"222",2021-09-06,"LIFE WAY CHRISTIAN SCHOOL, CENTERTON",9,5,NA,NA,"PRIVATE SCHOOL"
"72",2021-09-06,"LINCOLN SCHOOL DIST",36,23,29,5,"PUBLIC SCHOOL DISTRICT"
"7510",2021-09-02,"LINCOLN SCHOOL DIST",31,21,25,5,"PUBLIC SCHOOL DISTRICT"
"381",2021-08-30,"LINCOLN SCHOOL DIST",17,9,NA,NA,"PUBLIC SCHOOL DISTRICT"
"614",2021-08-26,"LINCOLN SCHOOL DIST",14,7,NA,NA,"PUBLIC SCHOOL DISTRICT"
"911",2021-08-19,"LINCOLN SCHOOL DIST",7,7,NA,NA,"PUBLIC SCHOOL DISTRICT"
"1050",2021-08-16,"LINCOLN SCHOOL DIST",6,5,NA,NA,"PUBLIC SCHOOL DISTRICT"
"95",2021-09-06,"LISA ACADEMY",62,18,41,8,"PUBLIC SCHOOL DISTRICT"
"8710",2021-09-02,"LISA ACADEMY",55,18,36,7,"PUBLIC SCHOOL DISTRICT"
"313",2021-08-30,"LISA ACADEMY",46,18,29,7,"PUBLIC SCHOOL DISTRICT"
"529",2021-08-26,"LISA ACADEMY",40,16,NA,NA,"PUBLIC SCHOOL DISTRICT"
"709",2021-08-23,"LISA ACADEMY",31,17,NA,NA,"PUBLIC SCHOOL DISTRICT"
"866",2021-08-19,"LISA ACADEMY",26,18,NA,NA,"PUBLIC SCHOOL DISTRICT"
"1010",2021-08-16,"LISA ACADEMY",17,11,NA,NA,"PUBLIC SCHOOL DISTRICT"
"220",2021-09-06,"LITTLE ROCK CHRISTIAN ACADEMY, LITTLE ROCK",22,9,NA,NA,"PRIVATE SCHOOL"
"2051",2021-09-02,"LITTLE ROCK CHRISTIAN ACADEMY, LITTLE ROCK",21,8,NA,NA,"PRIVATE SCHOOL"
"436",2021-08-30,"LITTLE ROCK CHRISTIAN ACADEMY, LITTLE ROCK",19,7,NA,NA,"PRIVATE SCHOOL"
"650",2021-08-26,"LITTLE ROCK CHRISTIAN ACADEMY, LITTLE ROCK",16,7,NA,NA,"PRIVATE SCHOOL"
"11",2021-09-06,"LITTLE ROCK SCHOOL DIST",232,68,171,21,"PUBLIC SCHOOL DISTRICT"
"9100",2021-09-02,"LITTLE ROCK SCHOOL DIST",216,74,157,20,"PUBLIC SCHOOL DISTRICT"
"2511",2021-08-30,"LITTLE ROCK SCHOOL DIST",189,79,142,18,"PUBLIC SCHOOL DISTRICT"
"478",2021-08-26,"LITTLE ROCK SCHOOL DIST",159,75,113,17,"PUBLIC SCHOOL DISTRICT"
"691",2021-08-23,"LITTLE ROCK SCHOOL DIST",117,56,81,16,"PUBLIC SCHOOL DISTRICT"
"849",2021-08-19,"LITTLE ROCK SCHOOL DIST",83,43,56,14,"PUBLIC SCHOOL DISTRICT"
"983",2021-08-16,"LITTLE ROCK SCHOOL DIST",60,40,37,10,"PUBLIC SCHOOL DISTRICT"
"182",2021-09-06,"LONOKE SCHOOL DIST",29,7,NA,NA,"PUBLIC SCHOOL DISTRICT"
"1811",2021-09-02,"LONOKE SCHOOL DIST",25,6,NA,NA,"PUBLIC SCHOOL DISTRICT"
"397",2021-08-30,"LONOKE SCHOOL DIST",24,7,NA,NA,"PUBLIC SCHOOL DISTRICT"
"629",2021-08-26,"LONOKE SCHOOL DIST",22,6,NA,NA,"PUBLIC SCHOOL DISTRICT"
"786",2021-08-23,"LONOKE SCHOOL DIST",19,6,NA,NA,"PUBLIC SCHOOL DISTRICT"
"901",2021-08-19,"LONOKE SCHOOL DIST",16,8,NA,NA,"PUBLIC SCHOOL DISTRICT"
"1027",2021-08-16,"LONOKE SCHOOL DIST",13,8,NA,NA,"PUBLIC SCHOOL DISTRICT"
"252",2021-09-06,"LYON COLLEGE, BATESVILLE",26,6,NA,NA,"COLLEGE/UNIVERSITY"
"2301",2021-09-02,"LYON COLLEGE, BATESVILLE",26,6,NA,NA,"COLLEGE/UNIVERSITY"
"458",2021-08-30,"LYON COLLEGE, BATESVILLE",23,6,NA,NA,"COLLEGE/UNIVERSITY"
"667",2021-08-26,"LYON COLLEGE, BATESVILLE",21,7,NA,NA,"COLLEGE/UNIVERSITY"
"826",2021-08-23,"LYON COLLEGE, BATESVILLE",19,11,NA,NA,"PUBLIC SCHOOL DISTRICT"
"962",2021-08-19,"LYON COLLEGE, BATESVILLE",16,11,NA,NA,"COLLEGE/UNIVERSITY"
"1061",2021-08-16,"LYON COLLEGE, BATESVILLE",14,10,NA,NA,"COLLEGE/UNIVERSITY"
"61",2021-09-06,"MAGAZINE SCHOOL DIST",42,26,28,7,"PUBLIC SCHOOL DISTRICT"
"4210",2021-09-02,"MAGAZINE SCHOOL DIST",36,32,23,7,"PUBLIC SCHOOL DISTRICT"
"306",2021-08-30,"MAGAZINE SCHOOL DIST",22,19,16,5,"PUBLIC SCHOOL DISTRICT"
"563",2021-08-26,"MAGAZINE SCHOOL DIST",13,11,NA,NA,"PUBLIC SCHOOL DISTRICT"
"210",2021-09-06,"MAGNET COVE SCHOOL DIST",21,5,NA,NA,"PUBLIC SCHOOL DISTRICT"
"1741",2021-09-02,"MAGNET COVE SCHOOL DIST",20,7,NA,NA,"PUBLIC SCHOOL DISTRICT"
"387",2021-08-30,"MAGNET COVE SCHOOL DIST",18,8,NA,NA,"PUBLIC SCHOOL DISTRICT"
"589",2021-08-26,"MAGNET COVE SCHOOL DIST",18,9,NA,NA,"PUBLIC SCHOOL DISTRICT"
"49",2021-09-06,"MAGNOLIA SCHOOL DIST",74,31,62,5,"PUBLIC SCHOOL DISTRICT"
"5710",2021-09-02,"MAGNOLIA SCHOOL DIST",63,27,54,5,"PUBLIC SCHOOL DISTRICT"
"294",2021-08-30,"MAGNOLIA SCHOOL DIST",53,23,45,5,"PUBLIC SCHOOL DISTRICT"
"520",2021-08-26,"MAGNOLIA SCHOOL DIST",43,18,NA,NA,"PUBLIC SCHOOL DISTRICT"
"728",2021-08-23,"MAGNOLIA SCHOOL DIST",32,12,NA,NA,"PUBLIC SCHOOL DISTRICT"
"867",2021-08-19,"MAGNOLIA SCHOOL DIST",30,17,NA,NA,"PUBLIC SCHOOL DISTRICT"
"999",2021-08-16,"MAGNOLIA SCHOOL DIST",22,14,NA,NA,"PUBLIC SCHOOL DISTRICT"
"73",2021-09-06,"MALVERN SCHOOL DIST",68,23,54,7,"PUBLIC SCHOOL DISTRICT"
"6610",2021-09-02,"MALVERN SCHOOL DIST",64,24,50,6,"PUBLIC SCHOOL DISTRICT"
"287",2021-08-30,"MALVERN SCHOOL DIST",56,25,45,6,"PUBLIC SCHOOL DISTRICT"
"540",2021-08-26,"MALVERN SCHOOL DIST",45,14,36,6,"PUBLIC SCHOOL DISTRICT"
"763",2021-08-23,"MALVERN SCHOOL DIST",36,8,NA,NA,"PUBLIC SCHOOL DISTRICT"
"902",2021-08-19,"MALVERN SCHOOL DIST",26,8,NA,NA,"PUBLIC SCHOOL DISTRICT"
"1005",2021-08-16,"MALVERN SCHOOL DIST",25,12,NA,NA,"PUBLIC SCHOOL DISTRICT"
"90",2021-09-06,"MANILA SCHOOL DIST",33,19,NA,NA,"PUBLIC SCHOOL DISTRICT"
"9610",2021-09-02,"MANILA SCHOOL DIST",25,17,NA,NA,"PUBLIC SCHOOL DISTRICT"
"353",2021-08-30,"MANILA SCHOOL DIST",16,11,NA,NA,"PUBLIC SCHOOL DISTRICT"
"630",2021-08-26,"MANILA SCHOOL DIST",11,6,10,0,"PUBLIC SCHOOL DISTRICT"
"63",2021-09-06,"MANSFIELD SCHOOL DIST",40,24,28,6,"PUBLIC SCHOOL DISTRICT"
"6310",2021-09-02,"MANSFIELD SCHOOL DIST",35,25,22,6,"PUBLIC SCHOOL DISTRICT"
"325",2021-08-30,"MANSFIELD SCHOOL DIST",22,16,14,5,"PUBLIC SCHOOL DISTRICT"
"541",2021-08-26,"MANSFIELD SCHOOL DIST",20,14,NA,NA,"PUBLIC SCHOOL DISTRICT"
"29",2021-09-06,"MARION SCHOOL DIST",224,40,149,18,"PUBLIC SCHOOL DISTRICT"
"1910",2021-09-02,"MARION SCHOOL DIST",217,45,142,16,"PUBLIC SCHOOL DISTRICT"
"2581",2021-08-30,"MARION SCHOOL DIST",196,48,131,15,"PUBLIC SCHOOL DISTRICT"
"482",2021-08-26,"MARION SCHOOL DIST",184,54,119,14,"PUBLIC SCHOOL DISTRICT"
"692",2021-08-23,"MARION SCHOOL DIST",155,53,102,12,"PUBLIC SCHOOL DISTRICT"
"845",2021-08-19,"MARION SCHOOL DIST",137,63,92,8,"PUBLIC SCHOOL DISTRICT"
"979",2021-08-16,"MARION SCHOOL DIST",117,74,77,8,"PUBLIC SCHOOL DISTRICT"
"211",2021-09-06,"MARKED TREE SCHOOL DIST",16,5,NA,NA,"PUBLIC SCHOOL DISTRICT"
"1921",2021-09-02,"MARKED TREE SCHOOL DIST",14,5,NA,NA,"PUBLIC SCHOOL DISTRICT"
"423",2021-08-30,"MARKED TREE SCHOOL DIST",12,5,NA,NA,"PUBLIC SCHOOL DISTRICT"
"631",2021-08-26,"MARKED TREE SCHOOL DIST",8,6,NA,NA,"PUBLIC SCHOOL DISTRICT"
"787",2021-08-23,"MARKED TREE SCHOOL DIST",8,6,NA,NA,"PUBLIC SCHOOL DISTRICT"
"929",2021-08-19,"MARKED TREE SCHOOL DIST",8,6,NA,NA,"PUBLIC SCHOOL DISTRICT"
"99",2021-09-06,"MARMADUKE SCHOOL DIST",36,17,21,6,"PUBLIC SCHOOL DISTRICT"
"1081",2021-09-02,"MARMADUKE SCHOOL DIST",33,15,18,5,"PUBLIC SCHOOL DISTRICT"
"342",2021-08-30,"MARMADUKE SCHOOL DIST",27,13,NA,NA,"PUBLIC SCHOOL DISTRICT"
"542",2021-08-26,"MARMADUKE SCHOOL DIST",22,14,NA,NA,"PUBLIC SCHOOL DISTRICT"
"754",2021-08-23,"MARMADUKE SCHOOL DIST",13,9,NA,NA,"PUBLIC SCHOOL DISTRICT"
"890",2021-08-19,"MARMADUKE SCHOOL DIST",13,11,NA,NA,"PUBLIC SCHOOL DISTRICT"
"1028",2021-08-16,"MARMADUKE SCHOOL DIST",9,8,NA,NA,"PUBLIC SCHOOL DISTRICT"
"212",2021-09-06,"MAYFLOWER SCHOOL DIST",13,5,NA,NA,"PUBLIC SCHOOL DISTRICT"
"1751",2021-09-02,"MAYFLOWER SCHOOL DIST",13,7,NA,NA,"PUBLIC SCHOOL DISTRICT"
"365",2021-08-30,"MAYFLOWER SCHOOL DIST",13,10,NA,NA,"PUBLIC SCHOOL DISTRICT"
"632",2021-08-26,"MAYFLOWER SCHOOL DIST",9,6,NA,NA,"PUBLIC SCHOOL DISTRICT"
"213",2021-09-06,"MCCRORY SCHOOL DIST",15,5,NA,NA,"PUBLIC SCHOOL DISTRICT"
"615",2021-08-26,"MCCRORY SCHOOL DIST",13,7,NA,NA,"PUBLIC SCHOOL DISTRICT"
"944",2021-08-19,"MCCRORY SCHOOL DIST",9,5,NA,NA,"PUBLIC SCHOOL DISTRICT"
"106",2021-09-06,"MCGEHEE SCHOOL DIST",24,16,NA,NA,"PUBLIC SCHOOL DISTRICT"
"1571",2021-09-02,"MCGEHEE SCHOOL DIST",17,9,NA,NA,"PUBLIC SCHOOL DISTRICT"
"808",2021-08-23,"MCGEHEE SCHOOL DIST",7,5,NA,NA,"PUBLIC SCHOOL DISTRICT"
"19",2021-09-06,"MENA SCHOOL DIST",78,51,56,13,"PUBLIC SCHOOL DISTRICT"
"17",2021-09-02,"MENA SCHOOL DIST",71,51,49,11,"PUBLIC SCHOOL DISTRICT"
"295",2021-08-30,"MENA SCHOOL DIST",42,23,28,6,"PUBLIC SCHOOL DISTRICT"
"543",2021-08-26,"MENA SCHOOL DIST",31,14,NA,NA,"PUBLIC SCHOOL DISTRICT"
"764",2021-08-23,"MENA SCHOOL DIST",17,8,NA,NA,"PUBLIC SCHOOL DISTRICT"
"883",2021-08-19,"MENA SCHOOL DIST",15,12,NA,NA,"PUBLIC SCHOOL DISTRICT"
"1006",2021-08-16,"MENA SCHOOL DIST",12,12,NA,NA,"PUBLIC SCHOOL DISTRICT"
"137",2021-09-06,"MIDLAND SCHOOL DIST",19,12,NA,NA,"PUBLIC SCHOOL DISTRICT"
"1221",2021-09-02,"MIDLAND SCHOOL DIST",19,13,NA,NA,"PUBLIC SCHOOL DISTRICT"
"424",2021-08-30,"MIDLAND SCHOOL DIST",10,5,NA,NA,"PUBLIC SCHOOL DISTRICT"
"121",2021-09-06,"MINERAL SPRINGS SCHOOL DIST",25,14,NA,NA,"PUBLIC SCHOOL DISTRICT"
"10110",2021-09-02,"MINERAL SPRINGS SCHOOL DIST",22,16,NA,NA,"PUBLIC SCHOOL DISTRICT"
"317",2021-08-30,"MINERAL SPRINGS SCHOOL DIST",19,17,NA,NA,"PUBLIC SCHOOL DISTRICT"
"553",2021-08-26,"MINERAL SPRINGS SCHOOL DIST",14,12,NA,NA,"PUBLIC SCHOOL DISTRICT"
"86",2021-09-06,"MONTICELLO SCHOOL DIST",46,20,37,5,"PUBLIC SCHOOL DISTRICT"
"8810",2021-09-02,"MONTICELLO SCHOOL DIST",36,18,28,5,"PUBLIC SCHOOL DISTRICT"
"333",2021-08-30,"MONTICELLO SCHOOL DIST",28,15,21,5,"PUBLIC SCHOOL DISTRICT"
"544",2021-08-26,"MONTICELLO SCHOOL DIST",23,14,13,5,"PUBLIC SCHOOL DISTRICT"
"765",2021-08-23,"MONTICELLO SCHOOL DIST",16,8,9,5,"PUBLIC SCHOOL DISTRICT"
"930",2021-08-19,"MONTICELLO SCHOOL DIST",13,6,7,5,"PUBLIC SCHOOL DISTRICT"
"183",2021-09-06,"MOUNT IDA SCHOOL DIST",20,7,13,6,"PUBLIC SCHOOL DISTRICT"
"1931",2021-09-02,"MOUNT IDA SCHOOL DIST",17,5,12,5,"PUBLIC SCHOOL DISTRICT"
"425",2021-08-30,"MOUNT IDA SCHOOL DIST",14,5,9,5,"PUBLIC SCHOOL DISTRICT"
"633",2021-08-26,"MOUNT IDA SCHOOL DIST",13,6,NA,NA,"PUBLIC SCHOOL DISTRICT"
"809",2021-08-23,"MOUNT IDA SCHOOL DIST",10,5,NA,NA,"PUBLIC SCHOOL DISTRICT"
"912",2021-08-19,"MOUNT IDA SCHOOL DIST",9,7,NA,NA,"PUBLIC SCHOOL DISTRICT"
"62",2021-09-06,"MOUNTAIN HOME SCHOOL DIST",99,26,74,14,"PUBLIC SCHOOL DISTRICT"
"4310",2021-09-02,"MOUNTAIN HOME SCHOOL DIST",97,32,71,14,"PUBLIC SCHOOL DISTRICT"
"267",2021-08-30,"MOUNTAIN HOME SCHOOL DIST",86,33,63,14,"PUBLIC SCHOOL DISTRICT"
"492",2021-08-26,"MOUNTAIN HOME SCHOOL DIST",78,30,55,14,"PUBLIC SCHOOL DISTRICT"
"712",2021-08-23,"MOUNTAIN HOME SCHOOL DIST",51,16,36,12,"PUBLIC SCHOOL DISTRICT"
"858",2021-08-19,"MOUNTAIN HOME SCHOOL DIST",43,23,29,12,"PUBLIC SCHOOL DISTRICT"
"990",2021-08-16,"MOUNTAIN HOME SCHOOL DIST",38,22,25,10,"PUBLIC SCHOOL DISTRICT"
"184",2021-09-06,"MOUNTAIN PINE SCHOOL DIST",20,7,NA,NA,"PUBLIC SCHOOL DISTRICT"
"1471",2021-09-02,"MOUNTAIN PINE SCHOOL DIST",18,10,NA,NA,"PUBLIC SCHOOL DISTRICT"
"354",2021-08-30,"MOUNTAIN PINE SCHOOL DIST",15,11,NA,NA,"PUBLIC SCHOOL DISTRICT"
"599",2021-08-26,"MOUNTAIN PINE SCHOOL DIST",11,8,NA,NA,"PUBLIC SCHOOL DISTRICT"
"122",2021-09-06,"MOUNTAIN VIEW SCHOOL DIST",35,14,NA,NA,"PUBLIC SCHOOL DISTRICT"
"9710",2021-09-02,"MOUNTAIN VIEW SCHOOL DIST",34,17,NA,NA,"PUBLIC SCHOOL DISTRICT"
"300",2021-08-30,"MOUNTAIN VIEW SCHOOL DIST",33,21,NA,NA,"PUBLIC SCHOOL DISTRICT"
"564",2021-08-26,"MOUNTAIN VIEW SCHOOL DIST",25,11,NA,NA,"PUBLIC SCHOOL DISTRICT"
"810",2021-08-23,"MOUNTAIN VIEW SCHOOL DIST",12,5,NA,NA,"PUBLIC SCHOOL DISTRICT"
"1821",2021-09-02,"MOUNTAINBURG SCHOOL DIST",14,6,9,0,"PUBLIC SCHOOL DISTRICT"
"412",2021-08-30,"MOUNTAINBURG SCHOOL DIST",11,6,8,0,"PUBLIC SCHOOL DISTRICT"
"600",2021-08-26,"MOUNTAINBURG SCHOOL DIST",11,8,8,0,"PUBLIC SCHOOL DISTRICT"
"214",2021-09-06,"MT. VERNON/ENOLA SCHOOL DIST",17,5,NA,NA,"PUBLIC SCHOOL DISTRICT"
"1941",2021-09-02,"MT. VERNON/ENOLA SCHOOL DIST",16,5,NA,NA,"PUBLIC SCHOOL DISTRICT"
"413",2021-08-30,"MT. VERNON/ENOLA SCHOOL DIST",14,6,NA,NA,"PUBLIC SCHOOL DISTRICT"
"945",2021-08-19,"MT. VERNON/ENOLA SCHOOL DIST",8,5,NA,NA,"PUBLIC SCHOOL DISTRICT"
"185",2021-09-06,"MULBERRY/PLEASANT VIEW BI",11,7,NA,NA,"PUBLIC SCHOOL DISTRICT"
"1831",2021-09-02,"MULBERRY/PLEASANT VIEW BI",8,6,NA,NA,"PUBLIC SCHOOL DISTRICT"
"64",2021-09-06,"NASHVILLE SCHOOL DIST",57,24,56,0,"PUBLIC SCHOOL DISTRICT"
"5010",2021-09-02,"NASHVILLE SCHOOL DIST",53,29,52,0,"PUBLIC SCHOOL DISTRICT"
"268",2021-08-30,"NASHVILLE SCHOOL DIST",46,33,45,0,"PUBLIC SCHOOL DISTRICT"
"496",2021-08-26,"NASHVILLE SCHOOL DIST",40,28,37,0,"PUBLIC SCHOOL DISTRICT"
"721",2021-08-23,"NASHVILLE SCHOOL DIST",23,14,22,0,"PUBLIC SCHOOL DISTRICT"
"913",2021-08-19,"NASHVILLE SCHOOL DIST",12,7,12,0,"PUBLIC SCHOOL DISTRICT"
"1029",2021-08-16,"NASHVILLE SCHOOL DIST",11,8,11,0,"PUBLIC SCHOOL DISTRICT"
"239",2021-09-06,"NATIONAL PARK COLLEGE, HOT SPRINGS",32,11,NA,NA,"COLLEGE/UNIVERSITY"
"2211",2021-09-02,"NATIONAL PARK COLLEGE, HOT SPRINGS",28,11,NA,NA,"COLLEGE/UNIVERSITY"
"448",2021-08-30,"NATIONAL PARK COLLEGE, HOT SPRINGS",24,12,NA,NA,"COLLEGE/UNIVERSITY"
"660",2021-08-26,"NATIONAL PARK COLLEGE, HOT SPRINGS",20,12,NA,NA,"COLLEGE/UNIVERSITY"
"832",2021-08-23,"NATIONAL PARK COLLEGE, HOT SPRINGS",11,5,NA,NA,"PUBLIC SCHOOL DISTRICT"
"196",2021-09-06,"NEMO VISTA SCHOOL DIST",8,6,NA,NA,"PUBLIC SCHOOL DISTRICT"
"1951",2021-09-02,"NEMO VISTA SCHOOL DIST",6,5,NA,NA,"PUBLIC SCHOOL DISTRICT"
"426",2021-08-30,"NEMO VISTA SCHOOL DIST",6,5,NA,NA,"PUBLIC SCHOOL DISTRICT"
"33",2021-09-06,"NETTLETON SCHOOL DIST",101,38,69,13,"PUBLIC SCHOOL DISTRICT"
"2210",2021-09-02,"NETTLETON SCHOOL DIST",95,41,64,12,"PUBLIC SCHOOL DISTRICT"
"261",2021-08-30,"NETTLETON SCHOOL DIST",77,38,48,11,"PUBLIC SCHOOL DISTRICT"
"485",2021-08-26,"NETTLETON SCHOOL DIST",63,38,39,7,"PUBLIC SCHOOL DISTRICT"
"697",2021-08-23,"NETTLETON SCHOOL DIST",44,28,29,5,"PUBLIC SCHOOL DISTRICT"
"861",2021-08-19,"NETTLETON SCHOOL DIST",31,21,NA,NA,"PUBLIC SCHOOL DISTRICT"
"1003",2021-08-16,"NETTLETON SCHOOL DIST",19,13,NA,NA,"PUBLIC SCHOOL DISTRICT"
"127",2021-09-06,"NEVADA SCHOOL DIST",27,13,27,0,"PUBLIC SCHOOL DISTRICT"
"7910",2021-09-02,"NEVADA SCHOOL DIST",23,19,23,0,"PUBLIC SCHOOL DISTRICT"
"326",2021-08-30,"NEVADA SCHOOL DIST",17,16,17,0,"PUBLIC SCHOOL DISTRICT"
"545",2021-08-26,"NEVADA SCHOOL DIST",16,14,15,0,"PUBLIC SCHOOL DISTRICT"
"57",2021-09-06,"NEWPORT SCHOOL DIST",51,27,44,5,"PUBLIC SCHOOL DISTRICT"
"8010",2021-09-02,"NEWPORT SCHOOL DIST",40,19,NA,NA,"PUBLIC SCHOOL DISTRICT"
"314",2021-08-30,"NEWPORT SCHOOL DIST",26,18,NA,NA,"PUBLIC SCHOOL DISTRICT"
"521",2021-08-26,"NEWPORT SCHOOL DIST",23,18,NA,NA,"PUBLIC SCHOOL DISTRICT"
"737",2021-08-23,"NEWPORT SCHOOL DIST",14,11,NA,NA,"PUBLIC SCHOOL DISTRICT"
"32",2021-09-06,"NORTH LITTLE ROCK SCHOOL DIST",104,39,74,12,"PUBLIC SCHOOL DISTRICT"
"36",2021-09-02,"NORTH LITTLE ROCK SCHOOL DIST",95,35,66,11,"PUBLIC SCHOOL DISTRICT"
"274",2021-08-30,"NORTH LITTLE ROCK SCHOOL DIST",81,31,56,11,"PUBLIC SCHOOL DISTRICT"
"498",2021-08-26,"NORTH LITTLE ROCK SCHOOL DIST",68,27,46,10,"PUBLIC SCHOOL DISTRICT"
"698",2021-08-23,"NORTH LITTLE ROCK SCHOOL DIST",55,27,37,8,"PUBLIC SCHOOL DISTRICT"
"852",2021-08-19,"NORTH LITTLE ROCK SCHOOL DIST",45,29,29,8,"PUBLIC SCHOOL DISTRICT"
"993",2021-08-16,"NORTH LITTLE ROCK SCHOOL DIST",32,21,17,7,"PUBLIC SCHOOL DISTRICT"
"237",2021-09-06,"NORTHWEST ARKANSAS COMMUNITY COLLEGE, BENTONVILLE",48,17,21,5,"COLLEGE/UNIVERSITY"
"2171",2021-09-02,"NORTHWEST ARKANSAS COMMUNITY COLLEGE, BENTONVILLE",42,18,NA,NA,"COLLEGE/UNIVERSITY"
"445",2021-08-30,"NORTHWEST ARKANSAS COMMUNITY COLLEGE, BENTONVILLE",36,14,NA,NA,"COLLEGE/UNIVERSITY"
"665",2021-08-26,"NORTHWEST ARKANSAS COMMUNITY COLLEGE, BENTONVILLE",24,8,NA,NA,"COLLEGE/UNIVERSITY"
"967",2021-08-19,"NORTHWEST ARKANSAS COMMUNITY COLLEGE, BENTONVILLE",13,6,NA,NA,"COLLEGE/UNIVERSITY"
"1064",2021-08-16,"NORTHWEST ARKANSAS COMMUNITY COLLEGE, BENTONVILLE",11,7,NA,NA,"COLLEGE/UNIVERSITY"
"953",2021-08-19,"NUMBER OF SCHOOLS LISTED: 109",NA,NA,NA,NA,"PUBLIC SCHOOL DISTRICT"
"1070",2021-08-16,"NUMBER OF SCHOOLS LISTED: 11",NA,NA,NA,NA,"COLLEGE/UNIVERSITY"
"971",2021-08-19,"NUMBER OF SCHOOLS LISTED: 12",NA,NA,NA,NA,"COLLEGE/UNIVERSITY"
"816",2021-08-23,"NUMBER OF SCHOOLS LISTED: 129",NA,NA,NA,NA,"PUBLIC SCHOOL DISTRICT"
"835",2021-08-23,"NUMBER OF SCHOOLS LISTED: 13",NA,NA,NA,NA,"PUBLIC SCHOOL DISTRICT"
"647",2021-08-26,"NUMBER OF SCHOOLS LISTED: 173",NA,NA,NA,NA,"PUBLIC SCHOOL DISTRICT"
"433",2021-08-30,"NUMBER OF SCHOOLS LISTED: 186",NA,NA,NA,NA,"PUBLIC SCHOOL DISTRICT"
"2021",2021-09-02,"NUMBER OF SCHOOLS LISTED: 199",NA,NA,NA,NA,"PUBLIC SCHOOL DISTRICT"
"217",2021-09-06,"NUMBER OF SCHOOLS LISTED: 203",NA,NA,NA,NA,"PUBLIC SCHOOL DISTRICT"
"465",2021-08-30,"NUMBER OF SCHOOLS LISTED: 24",NA,NA,NA,NA,"COLLEGE/UNIVERSITY"
"678",2021-08-26,"NUMBER OF SCHOOLS LISTED: 24",NA,NA,NA,NA,"COLLEGE/UNIVERSITY"
"2351",2021-09-02,"NUMBER OF SCHOOLS LISTED: 25",NA,NA,NA,NA,"COLLEGE/UNIVERSITY"
"258",2021-09-06,"NUMBER OF SCHOOLS LISTED: 30",NA,NA,NA,NA,"COLLEGE/UNIVERSITY"
"1053",2021-08-16,"NUMBER OF SCHOOLS LISTED: 73",NA,NA,NA,NA,"PUBLIC SCHOOL DISTRICT"
"114",2021-09-06,"OSCEOLA SCHOOL DIST",16,15,NA,NA,"PUBLIC SCHOOL DISTRICT"
"1581",2021-09-02,"OSCEOLA SCHOOL DIST",11,9,NA,NA,"PUBLIC SCHOOL DISTRICT"
"228",2021-09-06,"OUACHITA BAPTIST UNIVERSITY, ARKADELPHIA",54,52,NA,NA,"COLLEGE/UNIVERSITY"
"2141",2021-09-02,"OUACHITA BAPTIST UNIVERSITY, ARKADELPHIA",23,21,NA,NA,"COLLEGE/UNIVERSITY"
"459",2021-08-30,"OUACHITA BAPTIST UNIVERSITY, ARKADELPHIA",7,6,NA,NA,"COLLEGE/UNIVERSITY"
"1961",2021-09-02,"OUACHITA RIVER SCHOOL DIST",6,5,NA,NA,"PUBLIC SCHOOL DISTRICT"
"215",2021-09-06,"OUACHITA SCHOOL DIST",15,5,NA,NA,"PUBLIC SCHOOL DISTRICT"
"427",2021-08-30,"OUACHITA SCHOOL DIST",13,5,NA,NA,"PUBLIC SCHOOL DISTRICT"
"590",2021-08-26,"OUACHITA SCHOOL DIST",11,9,NA,NA,"PUBLIC SCHOOL DISTRICT"
"788",2021-08-23,"OUACHITA SCHOOL DIST",8,6,NA,NA,"PUBLIC SCHOOL DISTRICT"
"197",2021-09-06,"OZARK MOUNTAIN SCHOOL DIST",20,6,NA,NA,"PUBLIC SCHOOL DISTRICT"
"1971",2021-09-02,"OZARK MOUNTAIN SCHOOL DIST",16,5,NA,NA,"PUBLIC SCHOOL DISTRICT"
"428",2021-08-30,"OZARK MOUNTAIN SCHOOL DIST",14,5,NA,NA,"PUBLIC SCHOOL DISTRICT"
"616",2021-08-26,"OZARK MOUNTAIN SCHOOL DIST",14,7,NA,NA,"PUBLIC SCHOOL DISTRICT"
"128",2021-09-06,"OZARK SCHOOL DIST",30,13,NA,NA,"PUBLIC SCHOOL DISTRICT"
"1761",2021-09-02,"OZARK SCHOOL DIST",22,7,NA,NA,"PUBLIC SCHOOL DISTRICT"
"366",2021-08-30,"OZARK SCHOOL DIST",19,10,NA,NA,"PUBLIC SCHOOL DISTRICT"
"601",2021-08-26,"OZARK SCHOOL DIST",15,8,NA,NA,"PUBLIC SCHOOL DISTRICT"
"946",2021-08-19,"OZARK SCHOOL DIST",9,5,NA,NA,"PUBLIC SCHOOL DISTRICT"
"1037",2021-08-16,"OZARK SCHOOL DIST",8,7,NA,NA,"PUBLIC SCHOOL DISTRICT"
"198",2021-09-06,"PANGBURN SCHOOL DIST",24,6,NA,NA,"PUBLIC SCHOOL DISTRICT"
"1641",2021-09-02,"PANGBURN SCHOOL DIST",23,8,NA,NA,"PUBLIC SCHOOL DISTRICT"
"355",2021-08-30,"PANGBURN SCHOOL DIST",23,11,NA,NA,"PUBLIC SCHOOL DISTRICT"
"554",2021-08-26,"PANGBURN SCHOOL DIST",20,12,NA,NA,"PUBLIC SCHOOL DISTRICT"
"755",2021-08-23,"PANGBURN SCHOOL DIST",12,9,NA,NA,"PUBLIC SCHOOL DISTRICT"
"947",2021-08-19,"PANGBURN SCHOOL DIST",9,5,NA,NA,"PUBLIC SCHOOL DISTRICT"
"13",2021-09-06,"PARAGOULD SCHOOL DIST",156,63,105,10,"PUBLIC SCHOOL DISTRICT"
"1410",2021-09-02,"PARAGOULD SCHOOL DIST",133,62,83,9,"PUBLIC SCHOOL DISTRICT"
"2541",2021-08-30,"PARAGOULD SCHOOL DIST",104,55,63,7,"PUBLIC SCHOOL DISTRICT"
"481",2021-08-26,"PARAGOULD SCHOOL DIST",88,55,53,7,"PUBLIC SCHOOL DISTRICT"
"695",2021-08-23,"PARAGOULD SCHOOL DIST",54,32,NA,NA,"PUBLIC SCHOOL DISTRICT"
"863",2021-08-19,"PARAGOULD SCHOOL DIST",31,19,NA,NA,"PUBLIC SCHOOL DISTRICT"
"1000",2021-08-16,"PARAGOULD SCHOOL DIST",20,14,NA,NA,"PUBLIC SCHOOL DISTRICT"
"143",2021-09-06,"PARIS SCHOOL DIST",21,11,NA,NA,"PUBLIC SCHOOL DISTRICT"
"1651",2021-09-02,"PARIS SCHOOL DIST",17,8,NA,NA,"PUBLIC SCHOOL DISTRICT"
"414",2021-08-30,"PARIS SCHOOL DIST",13,6,NA,NA,"PUBLIC SCHOOL DISTRICT"
"602",2021-08-26,"PARIS SCHOOL DIST",11,8,NA,NA,"PUBLIC SCHOOL DISTRICT"
"811",2021-08-23,"PARIS SCHOOL DIST",8,5,NA,NA,"PUBLIC SCHOOL DISTRICT"
"107",2021-09-06,"PARKERS CHAPEL SCHOOL DIST",30,16,NA,NA,"PUBLIC SCHOOL DISTRICT"
"8110",2021-09-02,"PARKERS CHAPEL SCHOOL DIST",29,19,NA,NA,"PUBLIC SCHOOL DISTRICT"
"343",2021-08-30,"PARKERS CHAPEL SCHOOL DIST",21,13,NA,NA,"PUBLIC SCHOOL DISTRICT"
"617",2021-08-26,"PARKERS CHAPEL SCHOOL DIST",15,7,NA,NA,"PUBLIC SCHOOL DISTRICT"
"812",2021-08-23,"PARKERS CHAPEL SCHOOL DIST",8,5,NA,NA,"PUBLIC SCHOOL DISTRICT"
"41",2021-09-06,"PEA RIDGE SCHOOL DIST",74,34,57,11,"PUBLIC SCHOOL DISTRICT"
"2610",2021-09-02,"PEA RIDGE SCHOOL DIST",63,38,45,10,"PUBLIC SCHOOL DISTRICT"
"288",2021-08-30,"PEA RIDGE SCHOOL DIST",43,25,29,9,"PUBLIC SCHOOL DISTRICT"
"515",2021-08-26,"PEA RIDGE SCHOOL DIST",37,20,26,9,"PUBLIC SCHOOL DISTRICT"
"789",2021-08-23,"PEA RIDGE SCHOOL DIST",19,6,12,6,"PUBLIC SCHOOL DISTRICT"
"903",2021-08-19,"PEA RIDGE SCHOOL DIST",16,8,9,6,"PUBLIC SCHOOL DISTRICT"
"1041",2021-08-16,"PEA RIDGE SCHOOL DIST",9,6,NA,NA,"PUBLIC SCHOOL DISTRICT"
"642",2021-08-26,"PERRYVILLE SCHOOL DIST",12,5,11,0,"PUBLIC SCHOOL DISTRICT"
"255",2021-09-06,"PHILANDER SMITH COLLEGE, LITTLE ROCK",8,5,NA,NA,"COLLEGE/UNIVERSITY"
"144",2021-09-06,"PIGGOTT SCHOOL DIST",24,11,NA,NA,"PUBLIC SCHOOL DISTRICT"
"1091",2021-09-02,"PIGGOTT SCHOOL DIST",23,15,NA,NA,"PUBLIC SCHOOL DISTRICT"
"334",2021-08-30,"PIGGOTT SCHOOL DIST",18,15,NA,NA,"PUBLIC SCHOOL DISTRICT"
"591",2021-08-26,"PIGGOTT SCHOOL DIST",13,9,NA,NA,"PUBLIC SCHOOL DISTRICT"
"145",2021-09-06,"PINE BLUFF SCHOOL DIST",36,11,29,6,"PUBLIC SCHOOL DISTRICT"
"1231",2021-09-02,"PINE BLUFF SCHOOL DIST",34,13,28,5,"PUBLIC SCHOOL DISTRICT"
"348",2021-08-30,"PINE BLUFF SCHOOL DIST",30,12,NA,NA,"PUBLIC SCHOOL DISTRICT"
"565",2021-08-26,"PINE BLUFF SCHOOL DIST",23,11,NA,NA,"PUBLIC SCHOOL DISTRICT"
"738",2021-08-23,"PINE BLUFF SCHOOL DIST",19,11,NA,NA,"PUBLIC SCHOOL DISTRICT"
"904",2021-08-19,"PINE BLUFF SCHOOL DIST",13,8,NA,NA,"PUBLIC SCHOOL DISTRICT"
"1018",2021-08-16,"PINE BLUFF SCHOOL DIST",10,9,NA,NA,"PUBLIC SCHOOL DISTRICT"
"27",2021-09-06,"POCAHONTAS SCHOOL DIST",70,41,48,10,"PUBLIC SCHOOL DISTRICT"
"3710",2021-09-02,"POCAHONTAS SCHOOL DIST",56,35,37,10,"PUBLIC SCHOOL DISTRICT"
"296",2021-08-30,"POCAHONTAS SCHOOL DIST",37,23,21,9,"PUBLIC SCHOOL DISTRICT"
"536",2021-08-26,"POCAHONTAS SCHOOL DIST",26,15,11,9,"PUBLIC SCHOOL DISTRICT"
"722",2021-08-23,"POCAHONTAS SCHOOL DIST",16,14,6,7,"PUBLIC SCHOOL DISTRICT"
"884",2021-08-19,"POCAHONTAS SCHOOL DIST",13,12,NA,NA,"PUBLIC SCHOOL DISTRICT"
"65",2021-09-06,"POTTSVILLE SCHOOL DIST",45,24,38,5,"PUBLIC SCHOOL DISTRICT"
"8910",2021-09-02,"POTTSVILLE SCHOOL DIST",37,18,30,5,"PUBLIC SCHOOL DISTRICT"
"307",2021-08-30,"POTTSVILLE SCHOOL DIST",31,19,NA,NA,"PUBLIC SCHOOL DISTRICT"
"577",2021-08-26,"POTTSVILLE SCHOOL DIST",20,10,NA,NA,"PUBLIC SCHOOL DISTRICT"
"54",2021-09-06,"PRAIRIE GROVE SCHOOL DIST",64,28,48,6,"PUBLIC SCHOOL DISTRICT"
"6710",2021-09-02,"PRAIRIE GROVE SCHOOL DIST",57,24,41,6,"PUBLIC SCHOOL DISTRICT"
"299",2021-08-30,"PRAIRIE GROVE SCHOOL DIST",48,22,32,6,"PUBLIC SCHOOL DISTRICT"
"537",2021-08-26,"PRAIRIE GROVE SCHOOL DIST",38,15,27,6,"PUBLIC SCHOOL DISTRICT"
"707",2021-08-23,"PRAIRIE GROVE SCHOOL DIST",28,18,NA,NA,"PUBLIC SCHOOL DISTRICT"
"876",2021-08-19,"PRAIRIE GROVE SCHOOL DIST",22,13,NA,NA,"PUBLIC SCHOOL DISTRICT"
"1011",2021-08-16,"PRAIRIE GROVE SCHOOL DIST",17,11,NA,NA,"PUBLIC SCHOOL DISTRICT"
"167",2021-09-06,"PRESCOTT SCHOOL DIST",14,9,13,0,"PUBLIC SCHOOL DISTRICT"
"1661",2021-09-02,"PRESCOTT SCHOOL DIST",12,8,11,0,"PUBLIC SCHOOL DISTRICT"
"415",2021-08-30,"PRESCOTT SCHOOL DIST",9,6,8,0,"PUBLIC SCHOOL DISTRICT"
"643",2021-08-26,"PRESCOTT SCHOOL DIST",8,5,7,0,"PUBLIC SCHOOL DISTRICT"
"10",2021-09-06,"PULASKI COUNTY SPECIAL SCHOOL DIST",167,75,115,20,"PUBLIC SCHOOL DISTRICT"
"1210",2021-09-02,"PULASKI COUNTY SPECIAL SCHOOL DIST",147,67,102,15,"PUBLIC SCHOOL DISTRICT"
"2561",2021-08-30,"PULASKI COUNTY SPECIAL SCHOOL DIST",113,51,82,13,"PUBLIC SCHOOL DISTRICT"
"486",2021-08-26,"PULASKI COUNTY SPECIAL SCHOOL DIST",89,36,58,13,"PUBLIC SCHOOL DISTRICT"
"704",2021-08-23,"PULASKI COUNTY SPECIAL SCHOOL DIST",67,23,46,11,"PUBLIC SCHOOL DISTRICT"
"856",2021-08-19,"PULASKI COUNTY SPECIAL SCHOOL DIST",55,26,38,8,"PUBLIC SCHOOL DISTRICT"
"987",2021-08-16,"PULASKI COUNTY SPECIAL SCHOOL DIST",40,26,NA,NA,"PUBLIC SCHOOL DISTRICT"
"158",2021-09-06,"QUITMAN SCHOOL DIST",15,10,NA,NA,"PUBLIC SCHOOL DISTRICT"
"1381",2021-09-02,"QUITMAN SCHOOL DIST",14,11,12,0,"PUBLIC SCHOOL DISTRICT"
"356",2021-08-30,"QUITMAN SCHOOL DIST",13,11,11,0,"PUBLIC SCHOOL DISTRICT"
"115",2021-09-06,"RECTOR SCHOOL DIST",22,15,NA,NA,"PUBLIC SCHOOL DISTRICT"
"1481",2021-09-02,"RECTOR SCHOOL DIST",17,10,NA,NA,"PUBLIC SCHOOL DISTRICT"
"429",2021-08-30,"RECTOR SCHOOL DIST",11,5,NA,NA,"PUBLIC SCHOOL DISTRICT"
"168",2021-09-06,"RESPONSIVE ED SOLUTIONS NORTHWEST",18,9,NA,NA,"PUBLIC SCHOOL DISTRICT"
"1591",2021-09-02,"RESPONSIVE ED SOLUTIONS NORTHWEST",17,9,NA,NA,"PUBLIC SCHOOL DISTRICT"
"58",2021-09-06,"RIVERCREST SCHOOL DIST",40,27,NA,NA,"PUBLIC SCHOOL DISTRICT"
"6810",2021-09-02,"RIVERCREST SCHOOL DIST",31,24,NA,NA,"PUBLIC SCHOOL DISTRICT"
"327",2021-08-30,"RIVERCREST SCHOOL DIST",21,16,NA,NA,"PUBLIC SCHOOL DISTRICT"
"578",2021-08-26,"RIVERCREST SCHOOL DIST",13,10,NA,NA,"PUBLIC SCHOOL DISTRICT"
"186",2021-09-06,"RIVERSIDE SCHOOL DIST",17,7,NA,NA,"PUBLIC SCHOOL DISTRICT"
"1771",2021-09-02,"RIVERSIDE SCHOOL DIST",16,7,NA,NA,"PUBLIC SCHOOL DISTRICT"
"398",2021-08-30,"RIVERSIDE SCHOOL DIST",13,7,NA,NA,"PUBLIC SCHOOL DISTRICT"
"644",2021-08-26,"RIVERSIDE SCHOOL DIST",9,5,NA,NA,"PUBLIC SCHOOL DISTRICT"
"774",2021-08-23,"RIVERSIDE SCHOOL DIST",9,7,NA,NA,"PUBLIC SCHOOL DISTRICT"
"175",2021-09-06,"RIVERVIEW SCHOOL DIST",22,8,15,5,"PUBLIC SCHOOL DISTRICT"
"1841",2021-09-02,"RIVERVIEW SCHOOL DIST",19,6,12,5,"PUBLIC SCHOOL DISTRICT"
"416",2021-08-30,"RIVERVIEW SCHOOL DIST",15,6,NA,NA,"PUBLIC SCHOOL DISTRICT"
"948",2021-08-19,"RIVERVIEW SCHOOL DIST",9,5,NA,NA,"PUBLIC SCHOOL DISTRICT"
"6",2021-09-06,"ROGERS SCHOOL DIST",289,94,186,43,"PUBLIC SCHOOL DISTRICT"
"5100",2021-09-02,"ROGERS SCHOOL DIST",273,107,167,40,"PUBLIC SCHOOL DISTRICT"
"2491",2021-08-30,"ROGERS SCHOOL DIST",225,105,140,36,"PUBLIC SCHOOL DISTRICT"
"475",2021-08-26,"ROGERS SCHOOL DIST",203,114,122,31,"PUBLIC SCHOOL DISTRICT"
"687",2021-08-23,"ROGERS SCHOOL DIST",132,74,76,23,"PUBLIC SCHOOL DISTRICT"
"847",2021-08-19,"ROGERS SCHOOL DIST",97,54,57,17,"PUBLIC SCHOOL DISTRICT"
"986",2021-08-16,"ROGERS SCHOOL DIST",58,27,29,14,"PUBLIC SCHOOL DISTRICT"
"176",2021-09-06,"ROSE BUD SCHOOL DIST",24,8,NA,NA,"PUBLIC SCHOOL DISTRICT"
"1391",2021-09-02,"ROSE BUD SCHOOL DIST",24,11,NA,NA,"PUBLIC SCHOOL DISTRICT"
"344",2021-08-30,"ROSE BUD SCHOOL DIST",23,13,NA,NA,"PUBLIC SCHOOL DISTRICT"
"546",2021-08-26,"ROSE BUD SCHOOL DIST",20,14,NA,NA,"PUBLIC SCHOOL DISTRICT"
"756",2021-08-23,"ROSE BUD SCHOOL DIST",13,9,11,0,"PUBLIC SCHOOL DISTRICT"
"914",2021-08-19,"ROSE BUD SCHOOL DIST",10,7,8,0,"PUBLIC SCHOOL DISTRICT"
"24",2021-09-06,"RUSSELLVILLE SCHOOL DIST",118,44,80,18,"PUBLIC SCHOOL DISTRICT"
"2410",2021-09-02,"RUSSELLVILLE SCHOOL DIST",107,40,69,17,"PUBLIC SCHOOL DISTRICT"
"301",2021-08-30,"RUSSELLVILLE SCHOOL DIST",77,21,52,17,"PUBLIC SCHOOL DISTRICT"
"506",2021-08-26,"RUSSELLVILLE SCHOOL DIST",59,23,39,14,"PUBLIC SCHOOL DISTRICT"
"696",2021-08-23,"RUSSELLVILLE SCHOOL DIST",54,32,33,14,"PUBLIC SCHOOL DISTRICT"
"851",2021-08-19,"RUSSELLVILLE SCHOOL DIST",48,31,26,14,"PUBLIC SCHOOL DISTRICT"
"996",2021-08-16,"RUSSELLVILLE SCHOOL DIST",23,16,10,9,"PUBLIC SCHOOL DISTRICT"
"199",2021-09-06,"SALEM SCHOOL DIST",22,6,NA,NA,"PUBLIC SCHOOL DISTRICT"
"1851",2021-09-02,"SALEM SCHOOL DIST",20,6,NA,NA,"PUBLIC SCHOOL DISTRICT"
"382",2021-08-30,"SALEM SCHOOL DIST",17,9,NA,NA,"PUBLIC SCHOOL DISTRICT"
"566",2021-08-26,"SALEM SCHOOL DIST",16,11,NA,NA,"PUBLIC SCHOOL DISTRICT"
"138",2021-09-06,"SEARCY COUNTY SCHOOL DIST",32,12,NA,NA,"PUBLIC SCHOOL DISTRICT"
"9810",2021-09-02,"SEARCY COUNTY SCHOOL DIST",31,17,NA,NA,"PUBLIC SCHOOL DISTRICT"
"345",2021-08-30,"SEARCY COUNTY SCHOOL DIST",25,13,NA,NA,"PUBLIC SCHOOL DISTRICT"
"567",2021-08-26,"SEARCY COUNTY SCHOOL DIST",21,11,NA,NA,"PUBLIC SCHOOL DISTRICT"
"775",2021-08-23,"SEARCY COUNTY SCHOOL DIST",15,7,NA,NA,"PUBLIC SCHOOL DISTRICT"
"905",2021-08-19,"SEARCY COUNTY SCHOOL DIST",12,8,NA,NA,"PUBLIC SCHOOL DISTRICT"
"1030",2021-08-16,"SEARCY COUNTY SCHOOL DIST",10,8,NA,NA,"PUBLIC SCHOOL DISTRICT"
"38",2021-09-06,"SEARCY SCHOOL DIST",139,36,113,12,"PUBLIC SCHOOL DISTRICT"
"2310",2021-09-02,"SEARCY SCHOOL DIST",137,41,111,12,"PUBLIC SCHOOL DISTRICT"
"269",2021-08-30,"SEARCY SCHOOL DIST",116,33,92,12,"PUBLIC SCHOOL DISTRICT"
"495",2021-08-26,"SEARCY SCHOOL DIST",107,29,86,11,"PUBLIC SCHOOL DISTRICT"
"703",2021-08-23,"SEARCY SCHOOL DIST",86,24,68,10,"PUBLIC SCHOOL DISTRICT"
"850",2021-08-19,"SEARCY SCHOOL DIST",80,37,62,10,"PUBLIC SCHOOL DISTRICT"
"985",2021-08-16,"SEARCY SCHOOL DIST",58,28,44,7,"PUBLIC SCHOOL DISTRICT"
"15",2021-09-06,"SHERIDAN SCHOOL DIST",126,60,95,15,"PUBLIC SCHOOL DISTRICT"
"1510",2021-09-02,"SHERIDAN SCHOOL DIST",108,59,79,14,"PUBLIC SCHOOL DISTRICT"
"277",2021-08-30,"SHERIDAN SCHOOL DIST",70,28,47,12,"PUBLIC SCHOOL DISTRICT"
"511",2021-08-26,"SHERIDAN SCHOOL DIST",57,21,39,12,"PUBLIC SCHOOL DISTRICT"
"729",2021-08-23,"SHERIDAN SCHOOL DIST",43,12,28,11,"PUBLIC SCHOOL DISTRICT"
"864",2021-08-19,"SHERIDAN SCHOOL DIST",36,19,23,9,"PUBLIC SCHOOL DISTRICT"
"995",2021-08-16,"SHERIDAN SCHOOL DIST",29,17,19,8,"PUBLIC SCHOOL DISTRICT"
"1981",2021-09-02,"SHIRLEY SCHOOL DIST",8,5,7,0,"PUBLIC SCHOOL DISTRICT"
"23",2021-09-06,"SILOAM SPRINGS SCHOOL DIST",96,45,67,13,"PUBLIC SCHOOL DISTRICT"
"1810",2021-09-02,"SILOAM SPRINGS SCHOOL DIST",86,48,56,12,"PUBLIC SCHOOL DISTRICT"
"262",2021-08-30,"SILOAM SPRINGS SCHOOL DIST",52,38,NA,NA,"PUBLIC SCHOOL DISTRICT"
"522",2021-08-26,"SILOAM SPRINGS SCHOOL DIST",34,18,28,0,"PUBLIC SCHOOL DISTRICT"
"766",2021-08-23,"SILOAM SPRINGS SCHOOL DIST",15,8,15,0,"PUBLIC SCHOOL DISTRICT"
"949",2021-08-19,"SILOAM SPRINGS SCHOOL DIST",11,5,11,0,"PUBLIC SCHOOL DISTRICT"
"146",2021-09-06,"SMACKOVER",17,11,NA,NA,"PUBLIC SCHOOL DISTRICT"
"1401",2021-09-02,"SMACKOVER",16,11,NA,NA,"PUBLIC SCHOOL DISTRICT"
"399",2021-08-30,"SMACKOVER",10,7,7,0,"PUBLIC SCHOOL DISTRICT"
"246",2021-09-06,"SOUTH ARKANSAS COMMUNITY COLLEGE, EL DORADO",17,7,NA,NA,"COLLEGE/UNIVERSITY"
"460",2021-08-30,"SOUTH ARKANSAS COMMUNITY COLLEGE, EL DORADO",12,6,NA,NA,"COLLEGE/UNIVERSITY"
"669",2021-08-26,"SOUTH ARKANSAS COMMUNITY COLLEGE, EL DORADO",11,6,NA,NA,"COLLEGE/UNIVERSITY"
"66",2021-09-06,"SOUTH CONWAY COUNTY SCHOOL DIST",53,24,NA,NA,"PUBLIC SCHOOL DISTRICT"
"9010",2021-09-02,"SOUTH CONWAY COUNTY SCHOOL DIST",44,18,NA,NA,"PUBLIC SCHOOL DISTRICT"
"318",2021-08-30,"SOUTH CONWAY COUNTY SCHOOL DIST",39,17,NA,NA,"PUBLIC SCHOOL DISTRICT"
"568",2021-08-26,"SOUTH CONWAY COUNTY SCHOOL DIST",29,11,NA,NA,"PUBLIC SCHOOL DISTRICT"
"790",2021-08-23,"SOUTH CONWAY COUNTY SCHOOL DIST",20,6,NA,NA,"PUBLIC SCHOOL DISTRICT"
"931",2021-08-19,"SOUTH CONWAY COUNTY SCHOOL DIST",16,6,NA,NA,"PUBLIC SCHOOL DISTRICT"
"1019",2021-08-16,"SOUTH CONWAY COUNTY SCHOOL DIST",15,9,NA,NA,"PUBLIC SCHOOL DISTRICT"
"75",2021-09-06,"SOUTH PIKE COUNTY SCHOOL DIST",38,23,28,6,"PUBLIC SCHOOL DISTRICT"
"6010",2021-09-02,"SOUTH PIKE COUNTY SCHOOL DIST",35,26,25,6,"PUBLIC SCHOOL DISTRICT"
"308",2021-08-30,"SOUTH PIKE COUNTY SCHOOL DIST",22,19,NA,NA,"PUBLIC SCHOOL DISTRICT"
"530",2021-08-26,"SOUTH PIKE COUNTY SCHOOL DIST",20,16,NA,NA,"PUBLIC SCHOOL DISTRICT"
"247",2021-09-06,"SOUTHEAST ARKANSAS COLLEGE, PINE BLUFF",10,7,NA,NA,"COLLEGE/UNIVERSITY"
"2311",2021-09-02,"SOUTHEAST ARKANSAS COLLEGE, PINE BLUFF",9,6,NA,NA,"COLLEGE/UNIVERSITY"
"235",2021-09-06,"SOUTHERN ARKANSAS UNIVERSITY, MAGNOLIA",51,19,36,6,"COLLEGE/UNIVERSITY"
"2151",2021-09-02,"SOUTHERN ARKANSAS UNIVERSITY, MAGNOLIA",44,20,30,5,"COLLEGE/UNIVERSITY"
"444",2021-08-30,"SOUTHERN ARKANSAS UNIVERSITY, MAGNOLIA",37,17,24,5,"COLLEGE/UNIVERSITY"
"657",2021-08-26,"SOUTHERN ARKANSAS UNIVERSITY, MAGNOLIA",30,18,16,5,"COLLEGE/UNIVERSITY"
"827",2021-08-23,"SOUTHERN ARKANSAS UNIVERSITY, MAGNOLIA",18,10,NA,NA,"PUBLIC SCHOOL DISTRICT"
"966",2021-08-19,"SOUTHERN ARKANSAS UNIVERSITY, MAGNOLIA",13,7,NA,NA,"COLLEGE/UNIVERSITY"
"1065",2021-08-16,"SOUTHERN ARKANSAS UNIVERSITY, MAGNOLIA",10,6,NA,NA,"COLLEGE/UNIVERSITY"
"108",2021-09-06,"SOUTHSIDE SCHOOL DIST(INDEPENDENCE)",26,16,NA,NA,"PUBLIC SCHOOL DISTRICT"
"1241",2021-09-02,"SOUTHSIDE SCHOOL DIST(INDEPENDENCE)",22,13,NA,NA,"PUBLIC SCHOOL DISTRICT"
"367",2021-08-30,"SOUTHSIDE SCHOOL DIST(INDEPENDENCE)",17,10,NA,NA,"PUBLIC SCHOOL DISTRICT"
"634",2021-08-26,"SOUTHSIDE SCHOOL DIST(INDEPENDENCE)",13,6,NA,NA,"PUBLIC SCHOOL DISTRICT"
"187",2021-09-06,"SPRING HILL SCHOOL DIST",28,7,NA,NA,"PUBLIC SCHOOL DISTRICT"
"1671",2021-09-02,"SPRING HILL SCHOOL DIST",26,8,NA,NA,"PUBLIC SCHOOL DISTRICT"
"357",2021-08-30,"SPRING HILL SCHOOL DIST",24,11,NA,NA,"PUBLIC SCHOOL DISTRICT"
"547",2021-08-26,"SPRING HILL SCHOOL DIST",22,14,NA,NA,"PUBLIC SCHOOL DISTRICT"
"767",2021-08-23,"SPRING HILL SCHOOL DIST",12,8,NA,NA,"PUBLIC SCHOOL DISTRICT"
"950",2021-08-19,"SPRING HILL SCHOOL DIST",6,5,NA,NA,"PUBLIC SCHOOL DISTRICT"
"5",2021-09-06,"SPRINGDALE SCHOOL DIST",394,97,272,54,"PUBLIC SCHOOL DISTRICT"
"4100",2021-09-02,"SPRINGDALE SCHOOL DIST",363,124,247,47,"PUBLIC SCHOOL DISTRICT"
"2481",2021-08-30,"SPRINGDALE SCHOOL DIST",288,122,210,34,"PUBLIC SCHOOL DISTRICT"
"474",2021-08-26,"SPRINGDALE SCHOOL DIST",240,124,174,30,"PUBLIC SCHOOL DISTRICT"
"690",2021-08-23,"SPRINGDALE SCHOOL DIST",118,59,90,19,"PUBLIC SCHOOL DISTRICT"
"848",2021-08-19,"SPRINGDALE SCHOOL DIST",82,54,58,17,"PUBLIC SCHOOL DISTRICT"
"984",2021-08-16,"SPRINGDALE SCHOOL DIST",50,34,36,12,"PUBLIC SCHOOL DISTRICT"
"219",2021-09-06,"ST. JOSEPH CATHOLIC SCHOOL, CONWAY",36,12,NA,NA,"PRIVATE SCHOOL"
"2041",2021-09-02,"ST. JOSEPH CATHOLIC SCHOOL, CONWAY",33,22,NA,NA,"PRIVATE SCHOOL"
"435",2021-08-30,"ST. JOSEPH CATHOLIC SCHOOL, CONWAY",28,19,NA,NA,"PRIVATE SCHOOL"
"649",2021-08-26,"ST. JOSEPH CATHOLIC SCHOOL, CONWAY",NA,14,NA,NA,"PRIVATE SCHOOL"
"1055",2021-08-16,"ST. JOSEPH CATHOLIC SCHOOL, CONWAY",6,5,NA,NA,"PRIVATE SCHOOL"
"221",2021-09-06,"ST. THERESA CATHOLIC SCHOOL, LITTLE ROCK",8,8,NA,NA,"PRIVATE SCHOOL"
"2061",2021-09-02,"ST. THERESA CATHOLIC SCHOOL, LITTLE ROCK",5,5,NA,NA,"PRIVATE SCHOOL"
"437",2021-08-30,"ST. THERESA CATHOLIC SCHOOL, LITTLE ROCK",5,5,NA,NA,"PRIVATE SCHOOL"
"159",2021-09-06,"STAR CITY SCHOOL DIST",33,10,NA,NA,"PUBLIC SCHOOL DISTRICT"
"1601",2021-09-02,"STAR CITY SCHOOL DIST",32,9,NA,NA,"PUBLIC SCHOOL DISTRICT"
"400",2021-08-30,"STAR CITY SCHOOL DIST",26,7,NA,NA,"PUBLIC SCHOOL DISTRICT"
"592",2021-08-26,"STAR CITY SCHOOL DIST",25,9,NA,NA,"PUBLIC SCHOOL DISTRICT"
"745",2021-08-23,"STAR CITY SCHOOL DIST",20,10,NA,NA,"PUBLIC SCHOOL DISTRICT"
"895",2021-08-19,"STAR CITY SCHOOL DIST",15,10,NA,NA,"PUBLIC SCHOOL DISTRICT"
"1042",2021-08-16,"STAR CITY SCHOOL DIST",8,6,NA,NA,"PUBLIC SCHOOL DISTRICT"
"20",2021-09-06,"STUTTGART SCHOOL DIST",81,51,58,7,"PUBLIC SCHOOL DISTRICT"
"3810",2021-09-02,"STUTTGART SCHOOL DIST",59,35,38,6,"PUBLIC SCHOOL DISTRICT"
"283",2021-08-30,"STUTTGART SCHOOL DIST",44,26,26,6,"PUBLIC SCHOOL DISTRICT"
"523",2021-08-26,"STUTTGART SCHOOL DIST",34,18,17,6,"PUBLIC SCHOOL DISTRICT"
"717",2021-08-23,"STUTTGART SCHOOL DIST",21,15,6,5,"PUBLIC SCHOOL DISTRICT"
"885",2021-08-19,"STUTTGART SCHOOL DIST",17,12,NA,NA,"PUBLIC SCHOOL DISTRICT"
"1020",2021-08-16,"STUTTGART SCHOOL DIST",12,9,NA,NA,"PUBLIC SCHOOL DISTRICT"
"129",2021-09-06,"TEXARKANA SCHOOL DIST",31,13,NA,NA,"PUBLIC SCHOOL DISTRICT"
"1491",2021-09-02,"TEXARKANA SCHOOL DIST",25,10,NA,NA,"PUBLIC SCHOOL DISTRICT"
"368",2021-08-30,"TEXARKANA SCHOOL DIST",21,10,NA,NA,"PUBLIC SCHOOL DISTRICT"
"635",2021-08-26,"TEXARKANA SCHOOL DIST",14,6,NA,NA,"PUBLIC SCHOOL DISTRICT"
"79",2021-09-06,"TRUMANN SCHOOL DIST",42,22,NA,NA,"PUBLIC SCHOOL DISTRICT"
"10210",2021-09-02,"TRUMANN SCHOOL DIST",35,16,NA,NA,"PUBLIC SCHOOL DISTRICT"
"319",2021-08-30,"TRUMANN SCHOOL DIST",30,17,NA,NA,"PUBLIC SCHOOL DISTRICT"
"526",2021-08-26,"TRUMANN SCHOOL DIST",27,17,NA,NA,"PUBLIC SCHOOL DISTRICT"
"746",2021-08-23,"TRUMANN SCHOOL DIST",16,10,NA,NA,"PUBLIC SCHOOL DISTRICT"
"915",2021-08-19,"TRUMANN SCHOOL DIST",12,7,NA,NA,"PUBLIC SCHOOL DISTRICT"
"160",2021-09-06,"TWO RIVERS SCHOOL DIST",24,10,NA,NA,"PUBLIC SCHOOL DISTRICT"
"150",2021-09-02,"TWO RIVERS SCHOOL DIST",17,10,NA,NA,"PUBLIC SCHOOL DISTRICT"
"401",2021-08-30,"TWO RIVERS SCHOOL DIST",12,7,NA,NA,"PUBLIC SCHOOL DISTRICT"
"618",2021-08-26,"TWO RIVERS SCHOOL DIST",11,7,NA,NA,"PUBLIC SCHOOL DISTRICT"
"241",2021-09-06,"U OF A AT MONTICELLO, MONTICELLO",23,10,NA,NA,"COLLEGE/UNIVERSITY"
"231",2021-09-06,"U OF A FOR MEDICAL SCIENCES, LITTLE ROCK",88,25,6,20,"COLLEGE/UNIVERSITY"
"2131",2021-09-02,"U OF A FOR MEDICAL SCIENCES, LITTLE ROCK",83,22,5,18,"COLLEGE/UNIVERSITY"
"443",2021-08-30,"U OF A FOR MEDICAL SCIENCES, LITTLE ROCK",71,19,5,13,"COLLEGE/UNIVERSITY"
"655",2021-08-26,"U OF A FOR MEDICAL SCIENCES, LITTLE ROCK",66,23,NA,NA,"COLLEGE/UNIVERSITY"
"823",2021-08-23,"U OF A FOR MEDICAL SCIENCES, LITTLE ROCK",58,19,NA,NA,"PUBLIC SCHOOL DISTRICT"
"960",2021-08-19,"U OF A FOR MEDICAL SCIENCES, LITTLE ROCK",47,20,NA,NA,"COLLEGE/UNIVERSITY"
"1060",2021-08-16,"U OF A FOR MEDICAL SCIENCES, LITTLE ROCK",36,18,NA,NA,"COLLEGE/UNIVERSITY"
"243",2021-09-06,"U OF A PULASKI TECHNICAL COLLEGE, N. LITTLE ROCK",28,8,NA,NA,"COLLEGE/UNIVERSITY"
"2281",2021-09-02,"U OF A PULASKI TECHNICAL COLLEGE, N. LITTLE ROCK",24,7,NA,NA,"COLLEGE/UNIVERSITY"
"462",2021-08-30,"U OF A PULASKI TECHNICAL COLLEGE, N. LITTLE ROCK",22,6,NA,NA,"COLLEGE/UNIVERSITY"
"662",2021-08-26,"U OF A PULASKI TECHNICAL COLLEGE, N. LITTLE ROCK",21,9,NA,NA,"COLLEGE/UNIVERSITY"
"831",2021-08-23,"U OF A PULASKI TECHNICAL COLLEGE, N. LITTLE ROCK",16,8,NA,NA,"PUBLIC SCHOOL DISTRICT"
"965",2021-08-19,"U OF A PULASKI TECHNICAL COLLEGE, N. LITTLE ROCK",13,8,NA,NA,"COLLEGE/UNIVERSITY"
"226",2021-09-06,"U OF A, FAYETTEVILLE",385,247,177,49,"COLLEGE/UNIVERSITY"
"2091",2021-09-02,"U OF A, FAYETTEVILLE",332,220,130,42,"COLLEGE/UNIVERSITY"
"440",2021-08-30,"U OF A, FAYETTEVILLE",225,135,86,39,"COLLEGE/UNIVERSITY"
"653",2021-08-26,"U OF A, FAYETTEVILLE",152,82,45,34,"COLLEGE/UNIVERSITY"
"821",2021-08-23,"U OF A, FAYETTEVILLE",95,37,30,30,"PUBLIC SCHOOL DISTRICT"
"958",2021-08-19,"U OF A, FAYETTEVILLE",73,44,19,23,"COLLEGE/UNIVERSITY"
"1058",2021-08-16,"U OF A, FAYETTEVILLE",61,46,18,21,"COLLEGE/UNIVERSITY"
"234",2021-09-06,"U OF A, FORT SMITH",54,20,21,7,"COLLEGE/UNIVERSITY"
"2161",2021-09-02,"U OF A, FORT SMITH",50,19,18,7,"COLLEGE/UNIVERSITY"
"449",2021-08-30,"U OF A, FORT SMITH",33,12,16,6,"COLLEGE/UNIVERSITY"
"661",2021-08-26,"U OF A, FORT SMITH",28,11,11,6,"COLLEGE/UNIVERSITY"
"828",2021-08-23,"U OF A, FORT SMITH",19,9,8,5,"PUBLIC SCHOOL DISTRICT"
"1066",2021-08-16,"U OF A, FORT SMITH",10,6,NA,NA,"COLLEGE/UNIVERSITY"
"232",2021-09-06,"U OF A, LITTLE ROCK",40,22,14,7,"COLLEGE/UNIVERSITY"
"2201",2021-09-02,"U OF A, LITTLE ROCK",30,13,6,6,"COLLEGE/UNIVERSITY"
"461",2021-08-30,"U OF A, LITTLE ROCK",23,6,5,6,"COLLEGE/UNIVERSITY"
"676",2021-08-26,"U OF A, LITTLE ROCK",18,5,NA,NA,"COLLEGE/UNIVERSITY"
"2241",2021-09-02,"U OF A, MONTICELLO",22,10,NA,NA,"COLLEGE/UNIVERSITY"
"455",2021-08-30,"U OF A, MONTICELLO",17,7,NA,NA,"COLLEGE/UNIVERSITY"
"670",2021-08-26,"U OF A, MONTICELLO",12,6,NA,NA,"COLLEGE/UNIVERSITY"
"830",2021-08-23,"U OF A, MONTICELLO",11,8,7,0,"PUBLIC SCHOOL DISTRICT"
"964",2021-08-19,"U OF A, MONTICELLO",10,8,6,0,"COLLEGE/UNIVERSITY"
"1067",2021-08-16,"U OF A, MONTICELLO",6,6,NA,NA,"COLLEGE/UNIVERSITY"
"229",2021-09-06,"U OF A, PINE BLUFF",80,42,51,7,"COLLEGE/UNIVERSITY"
"2111",2021-09-02,"U OF A, PINE BLUFF",72,44,45,7,"COLLEGE/UNIVERSITY"
"442",2021-08-30,"U OF A, PINE BLUFF",42,27,23,7,"COLLEGE/UNIVERSITY"
"656",2021-08-26,"U OF A, PINE BLUFF",30,21,9,5,"COLLEGE/UNIVERSITY"
"829",2021-08-23,"U OF A, PINE BLUFF",14,9,NA,NA,"PUBLIC SCHOOL DISTRICT"
"248",2021-09-06,"UACC AT HOPE-TEXARKANA, HOPE",15,7,6,0,"COLLEGE/UNIVERSITY"
"2291",2021-09-02,"UACC AT HOPE-TEXARKANA, HOPE",13,7,NA,NA,"COLLEGE/UNIVERSITY"
"456",2021-08-30,"UACC AT HOPE-TEXARKANA, HOPE",10,7,NA,NA,"COLLEGE/UNIVERSITY"
"668",2021-08-26,"UACC AT HOPE-TEXARKANA, HOPE",8,7,NA,NA,"COLLEGE/UNIVERSITY"
"245",2021-09-06,"UACC AT MORRILTON",21,8,6,5,"COLLEGE/UNIVERSITY"
"225",2021-09-02,"UACC AT MORRILTON",19,10,6,5,"COLLEGE/UNIVERSITY"
"453",2021-08-30,"UACC AT MORRILTON",15,8,NA,NA,"COLLEGE/UNIVERSITY"
"663",2021-08-26,"UACC AT MORRILTON",13,9,NA,NA,"COLLEGE/UNIVERSITY"
"833",2021-08-23,"UACC AT MORRILTON",6,5,NA,NA,"PUBLIC SCHOOL DISTRICT"
"969",2021-08-19,"UACC AT MORRILTON",5,5,NA,NA,"COLLEGE/UNIVERSITY"
"256",2021-09-06,"UNIVERSITY OF ARKANSAS SYSTEM OFFICE, LITTLE ROCK",7,5,7,0,"COLLEGE/UNIVERSITY"
"227",2021-09-06,"UNIVERSITY OF CENTRAL ARKANSAS, CONWAY",146,54,68,17,"COLLEGE/UNIVERSITY"
"2101",2021-09-02,"UNIVERSITY OF CENTRAL ARKANSAS, CONWAY",131,58,58,17,"COLLEGE/UNIVERSITY"
"441",2021-08-30,"UNIVERSITY OF CENTRAL ARKANSAS, CONWAY",110,44,48,16,"COLLEGE/UNIVERSITY"
"654",2021-08-26,"UNIVERSITY OF CENTRAL ARKANSAS, CONWAY",92,43,33,15,"COLLEGE/UNIVERSITY"
"822",2021-08-23,"UNIVERSITY OF CENTRAL ARKANSAS, CONWAY",65,26,19,15,"PUBLIC SCHOOL DISTRICT"
"959",2021-08-19,"UNIVERSITY OF CENTRAL ARKANSAS, CONWAY",57,28,17,11,"COLLEGE/UNIVERSITY"
"1059",2021-08-16,"UNIVERSITY OF CENTRAL ARKANSAS, CONWAY",46,22,10,9,"COLLEGE/UNIVERSITY"
"249",2021-09-06,"UNIVERSITY OF THE OZARKS, CLARKSVILLE",10,7,7,0,"COLLEGE/UNIVERSITY"
"2271",2021-09-02,"UNIVERSITY OF THE OZARKS, CLARKSVILLE",10,8,6,0,"COLLEGE/UNIVERSITY"
"645",2021-08-26,"VALLEY SPRINGS SCHOOL DIST",12,5,NA,NA,"PUBLIC SCHOOL DISTRICT"
"776",2021-08-23,"VALLEY SPRINGS SCHOOL DIST",11,7,NA,NA,"PUBLIC SCHOOL DISTRICT"
"916",2021-08-19,"VALLEY SPRINGS SCHOOL DIST",9,7,NA,NA,"PUBLIC SCHOOL DISTRICT"
"116",2021-09-06,"VALLEY VIEW SCHOOL DIST",37,15,NA,NA,"PUBLIC SCHOOL DISTRICT"
"1161",2021-09-02,"VALLEY VIEW SCHOOL DIST",35,14,NA,NA,"PUBLIC SCHOOL DISTRICT"
"402",2021-08-30,"VALLEY VIEW SCHOOL DIST",28,7,NA,NA,"PUBLIC SCHOOL DISTRICT"
"813",2021-08-23,"VALLEY VIEW SCHOOL DIST",21,5,NA,NA,"PUBLIC SCHOOL DISTRICT"
"906",2021-08-19,"VALLEY VIEW SCHOOL DIST",18,8,NA,NA,"PUBLIC SCHOOL DISTRICT"
"1004",2021-08-16,"VALLEY VIEW SCHOOL DIST",17,13,NA,NA,"PUBLIC SCHOOL DISTRICT"
"12",2021-09-06,"VAN BUREN SCHOOL DIST",119,65,87,16,"PUBLIC SCHOOL DISTRICT"
"1310",2021-09-02,"VAN BUREN SCHOOL DIST",99,63,68,14,"PUBLIC SCHOOL DISTRICT"
"2551",2021-08-30,"VAN BUREN SCHOOL DIST",77,55,55,11,"PUBLIC SCHOOL DISTRICT"
"483",2021-08-26,"VAN BUREN SCHOOL DIST",62,43,41,11,"PUBLIC SCHOOL DISTRICT"
"713",2021-08-23,"VAN BUREN SCHOOL DIST",26,16,18,6,"PUBLIC SCHOOL DISTRICT"
"917",2021-08-19,"VAN BUREN SCHOOL DIST",16,7,11,5,"PUBLIC SCHOOL DISTRICT"
"76",2021-09-06,"VILONIA SCHOOL DIST",69,23,47,8,"PUBLIC SCHOOL DISTRICT"
"6410",2021-09-02,"VILONIA SCHOOL DIST",68,25,45,8,"PUBLIC SCHOOL DISTRICT"
"320",2021-08-30,"VILONIA SCHOOL DIST",55,17,33,8,"PUBLIC SCHOOL DISTRICT"
"512",2021-08-26,"VILONIA SCHOOL DIST",47,21,27,7,"PUBLIC SCHOOL DISTRICT"
"705",2021-08-23,"VILONIA SCHOOL DIST",38,19,23,7,"PUBLIC SCHOOL DISTRICT"
"857",2021-08-19,"VILONIA SCHOOL DIST",35,24,22,6,"PUBLIC SCHOOL DISTRICT"
"1016",2021-08-16,"VILONIA SCHOOL DIST",15,10,NA,NA,"PUBLIC SCHOOL DISTRICT"
"189",2021-09-06,"VIOLA SCHOOL DIST",9,7,9,0,"PUBLIC SCHOOL DISTRICT"
"1991",2021-09-02,"VIOLA SCHOOL DIST",6,5,6,0,"PUBLIC SCHOOL DISTRICT"
"430",2021-08-30,"VIOLA SCHOOL DIST",6,5,6,0,"PUBLIC SCHOOL DISTRICT"
"42",2021-09-06,"WALDRON SCHOOL DIST",52,34,NA,NA,"PUBLIC SCHOOL DISTRICT"
"5810",2021-09-02,"WALDRON SCHOOL DIST",41,27,NA,NA,"PUBLIC SCHOOL DISTRICT"
"336",2021-08-30,"WALDRON SCHOOL DIST",24,14,NA,NA,"PUBLIC SCHOOL DISTRICT"
"603",2021-08-26,"WALDRON SCHOOL DIST",19,8,NA,NA,"PUBLIC SCHOOL DISTRICT"
"814",2021-08-23,"WALDRON SCHOOL DIST",12,5,7,0,"PUBLIC SCHOOL DISTRICT"
"147",2021-09-06,"WARREN SCHOOL DIST",28,11,NA,NA,"PUBLIC SCHOOL DISTRICT"
"1511",2021-09-02,"WARREN SCHOOL DIST",24,10,NA,NA,"PUBLIC SCHOOL DISTRICT"
"388",2021-08-30,"WARREN SCHOOL DIST",17,8,NA,NA,"PUBLIC SCHOOL DISTRICT"
"579",2021-08-26,"WARREN SCHOOL DIST",16,10,NA,NA,"PUBLIC SCHOOL DISTRICT"
"777",2021-08-23,"WARREN SCHOOL DIST",13,7,NA,NA,"PUBLIC SCHOOL DISTRICT"
"1051",2021-08-16,"WARREN SCHOOL DIST",6,5,NA,NA,"PUBLIC SCHOOL DISTRICT"
"109",2021-09-06,"WATSON CHAPEL SCHOOL DIST",39,16,24,7,"PUBLIC SCHOOL DISTRICT"
"1101",2021-09-02,"WATSON CHAPEL SCHOOL DIST",35,15,NA,NA,"PUBLIC SCHOOL DISTRICT"
"321",2021-08-30,"WATSON CHAPEL SCHOOL DIST",33,17,NA,NA,"PUBLIC SCHOOL DISTRICT"
"580",2021-08-26,"WATSON CHAPEL SCHOOL DIST",23,10,NA,NA,"PUBLIC SCHOOL DISTRICT"
"747",2021-08-23,"WATSON CHAPEL SCHOOL DIST",15,10,NA,NA,"PUBLIC SCHOOL DISTRICT"
"886",2021-08-19,"WATSON CHAPEL SCHOOL DIST",13,12,NA,NA,"PUBLIC SCHOOL DISTRICT"
"117",2021-09-06,"WEST FORK SCHOOL DIST",19,15,NA,NA,"PUBLIC SCHOOL DISTRICT"
"1521",2021-09-02,"WEST FORK SCHOOL DIST",13,10,NA,NA,"PUBLIC SCHOOL DISTRICT"
"389",2021-08-30,"WEST FORK SCHOOL DIST",10,8,NA,NA,"PUBLIC SCHOOL DISTRICT"
"21",2021-09-06,"WEST MEMPHIS SCHOOL DIST",114,51,86,13,"PUBLIC SCHOOL DISTRICT"
"2710",2021-09-02,"WEST MEMPHIS SCHOOL DIST",91,38,68,9,"PUBLIC SCHOOL DISTRICT"
"2701",2021-08-30,"WEST MEMPHIS SCHOOL DIST",68,33,48,7,"PUBLIC SCHOOL DISTRICT"
"489",2021-08-26,"WEST MEMPHIS SCHOOL DIST",60,34,42,7,"PUBLIC SCHOOL DISTRICT"
"700",2021-08-23,"WEST MEMPHIS SCHOOL DIST",40,26,NA,NA,"PUBLIC SCHOOL DISTRICT"
"862",2021-08-19,"WEST MEMPHIS SCHOOL DIST",30,20,NA,NA,"PUBLIC SCHOOL DISTRICT"
"1001",2021-08-16,"WEST MEMPHIS SCHOOL DIST",17,14,NA,NA,"PUBLIC SCHOOL DISTRICT"
"170",2021-09-06,"WEST SIDE SCHOOL DIST(CLEBURNE)",20,9,NA,NA,"PUBLIC SCHOOL DISTRICT"
"1681",2021-09-02,"WEST SIDE SCHOOL DIST(CLEBURNE)",17,8,NA,NA,"PUBLIC SCHOOL DISTRICT"
"148",2021-09-06,"WESTERN YELL CO. SCHOOL DIST",18,11,NA,NA,"PUBLIC SCHOOL DISTRICT"
"1531",2021-09-02,"WESTERN YELL CO. SCHOOL DIST",14,10,NA,NA,"PUBLIC SCHOOL DISTRICT"
"403",2021-08-30,"WESTERN YELL CO. SCHOOL DIST",10,7,NA,NA,"PUBLIC SCHOOL DISTRICT"
"51",2021-09-06,"WESTSIDE CONS. SCH DIST(CRAIGHEAD)",59,30,45,6,"PUBLIC SCHOOL DISTRICT"
"4410",2021-09-02,"WESTSIDE CONS. SCH DIST(CRAIGHEAD)",47,32,33,5,"PUBLIC SCHOOL DISTRICT"
"297",2021-08-30,"WESTSIDE CONS. SCH DIST(CRAIGHEAD)",31,23,NA,NA,"PUBLIC SCHOOL DISTRICT"
"527",2021-08-26,"WESTSIDE CONS. SCH DIST(CRAIGHEAD)",23,17,NA,NA,"PUBLIC SCHOOL DISTRICT"
"778",2021-08-23,"WESTSIDE CONS. SCH DIST(CRAIGHEAD)",10,7,NA,NA,"PUBLIC SCHOOL DISTRICT"
"951",2021-08-19,"WESTSIDE CONS. SCH DIST(CRAIGHEAD)",6,5,NA,NA,"PUBLIC SCHOOL DISTRICT"
"200",2021-09-06,"WESTSIDE SCHOOL DIST (JOHNSON)",14,6,NA,NA,"PUBLIC SCHOOL DISTRICT"
"2001",2021-09-02,"WESTSIDE SCHOOL DIST (JOHNSON)",11,5,NA,NA,"PUBLIC SCHOOL DISTRICT"
"431",2021-08-30,"WESTSIDE SCHOOL DIST (JOHNSON)",10,5,NA,NA,"PUBLIC SCHOOL DISTRICT"
"80",2021-09-06,"WHITE CO. CENTRAL SCHOOL DIST",35,22,21,8,"PUBLIC SCHOOL DISTRICT"
"6510",2021-09-02,"WHITE CO. CENTRAL SCHOOL DIST",33,25,18,8,"PUBLIC SCHOOL DISTRICT"
"298",2021-08-30,"WHITE CO. CENTRAL SCHOOL DIST",26,23,15,5,"PUBLIC SCHOOL DISTRICT"
"528",2021-08-26,"WHITE CO. CENTRAL SCHOOL DIST",20,17,NA,NA,"PUBLIC SCHOOL DISTRICT"
"791",2021-08-23,"WHITE CO. CENTRAL SCHOOL DIST",8,6,NA,NA,"PUBLIC SCHOOL DISTRICT"
"139",2021-09-06,"WHITE HALL SCHOOL DIST",44,12,27,8,"PUBLIC SCHOOL DISTRICT"
"8210",2021-09-02,"WHITE HALL SCHOOL DIST",43,19,25,8,"PUBLIC SCHOOL DISTRICT"
"315",2021-08-30,"WHITE HALL SCHOOL DIST",40,18,23,8,"PUBLIC SCHOOL DISTRICT"
"548",2021-08-26,"WHITE HALL SCHOOL DIST",33,14,19,7,"PUBLIC SCHOOL DISTRICT"
"730",2021-08-23,"WHITE HALL SCHOOL DIST",23,12,12,7,"PUBLIC SCHOOL DISTRICT"
"887",2021-08-19,"WHITE HALL SCHOOL DIST",22,12,10,7,"PUBLIC SCHOOL DISTRICT"
"1043",2021-08-16,"WHITE HALL SCHOOL DIST",14,6,NA,NA,"PUBLIC SCHOOL DISTRICT"
"201",2021-09-06,"WONDERVIEW SCHOOL DIST",11,6,NA,NA,"PUBLIC SCHOOL DISTRICT"
"1861",2021-09-02,"WONDERVIEW SCHOOL DIST",8,6,NA,NA,"PUBLIC SCHOOL DISTRICT"
"67",2021-09-06,"WYNNE SCHOOL DIST",65,24,42,15,"PUBLIC SCHOOL DISTRICT"
"3110",2021-09-02,"WYNNE SCHOOL DIST",62,36,40,13,"PUBLIC SCHOOL DISTRICT"
"2641",2021-08-30,"WYNNE SCHOOL DIST",54,34,33,12,"PUBLIC SCHOOL DISTRICT"
"502",2021-08-26,"WYNNE SCHOOL DIST",48,24,26,12,"PUBLIC SCHOOL DISTRICT"
"739",2021-08-23,"WYNNE SCHOOL DIST",21,11,11,5,"PUBLIC SCHOOL DISTRICT"
"877",2021-08-19,"WYNNE SCHOOL DIST",18,13,NA,NA,"PUBLIC SCHOOL DISTRICT"
"1021",2021-08-16,"WYNNE SCHOOL DIST",12,9,NA,NA,"PUBLIC SCHOOL DISTRICT"
"177",2021-09-06,"YELLVILLE",20,8,NA,NA,"PUBLIC SCHOOL DISTRICT"
"1781",2021-09-02,"YELLVILLE",14,7,NA,NA,"PUBLIC SCHOOL DISTRICT"
"390",2021-08-30,"YELLVILLE",12,8,NA,NA,"PUBLIC SCHOOL DISTRICT"
"619",2021-08-26,"YELLVILLE",11,7,NA,NA,"PUBLIC SCHOOL DISTRICT"
